Скорость реки:0.035;;;;;;;;;;;;;;Скорость сточных вод (на оголовок:2.43713
Расход сточных вод на оголовок:0.049;;;;;;;;;;;;;;Относительный диаметр:24.3107
Диаметр оголовка:0.16;;;;;;;;;;;;;;Диаметр пятна загрязнения:11.8826
Расстояния между оголовками:3.5 ;;;;;;;;;;;;;;Расстояния между оголовками (расч.):3.44711 3.44711 3.44711 3.44711 3.44711 3.44711 3.44711 3.44711 3.44711 3.44711 3.44711 3.44711 3.44711 3.44711 3.44711 3.44711 3.44711 3.44711 3.44711 3.44711 3.44711 3.44711 3.44711 3.44711 3.44711 3.44711 
Расстояние до левого берега:35;;;;;;;;;;;;;;Расстояние до левого берега (расч.):34.4711
Расстояние до правого берега:35;;;;;;;;;;;;;;Расстояние до правого берега (расч.):34.4711
:;;;;;;;;;;;;;;Общая ширина (расч.):158.567
Глубина:19;;;;;;;;;;;;;;Глубина (расч.):18.9591
Промежуточные сечения (доп.):100 ;;;;;;;;;;;;;;Помежуточные сечения (расч.):100 
Расчетный участок реки:500;;;;;;;;;;;;;;Участок реки (расч.):499.935
Высоты оголовков:2 ;;;;;;;;;;;;;;Высоты оголовков (расч.):1.72356 1.72356 1.72356 1.72356 1.72356 1.72356 1.72356 1.72356 1.72356 1.72356 1.72356 1.72356 1.72356 1.72356 1.72356 1.72356 1.72356 1.72356 1.72356 1.72356 1.72356 1.72356 1.72356 1.72356 1.72356 1.72356 
Начальное разбавление:10;;;;;;;;;;;;;;dx:0.108305
Расстояние от створа выпуска:0;;;;;;;;;;;;;;dy:0.861778
Величина загрязняющего вещества:100;;;;;;;;;;;;;;dz:0.861778
Сторона расчетного квадрата:4;;;;;;;;;;;;;;Коэффициент диффузии:0.06
Количество оголовков:25;;;;;;;;;;;;;;Коэффициент Шези:50.7531

0;0;0;0;0;0;0;0;0;0;0;0;0;0;0;0;0;0;0;0;0;0;0;0;0;0;0;0;0;0;0;0;0;0;0;0;0;0;0;0;0;0;0;0;0;0;0;0;0;0;0;0;0;0;0;0;0;0;0;0;0;0;0;0;0;0;0;0;0;0;0;0;0;0;0;0;0;0;0;0;0;0;0;0;0;0;0;0;0;0;0;0;0;0;0;0;0;0;0;0;0;0;0;0;0;0;0;0;0;0;0;0;0;0;0;0;0;0;0;0;0;0;0;0;0;0;0;0;0;0;0;0;0;0;0;0;0;0;0;0;0;0;0;0;0;0;0;0;0;0;0;0;0;0;0;0;0;0;0;0;0;0;0;0;0;0;0;0;0;0;0;0;0;0;0;0;0;0;0;0;0;0;0;0;0;
0;0;0;0;0;0;0;0;0;0;0;0;0;0;0;0;0;0;0;0;0;0;0;0;0;0;0;0;0;0;0;0;0;0;0;0;0;0;0;0;0;0;0;0;0;0;0;0;0;0;0;0;0;0;0;0;0;0;0;0;0;0;0;0;0;0;0;0;0;0;0;0;0;0;0;0;0;0;0;0;0;0;0;0;0;0;0;0;0;0;0;0;0;0;0;0;0;0;0;0;0;0;0;0;0;0;0;0;0;0;0;0;0;0;0;0;0;0;0;0;0;0;0;0;0;0;0;0;0;0;0;0;0;0;0;0;0;0;0;0;0;0;0;0;0;0;0;0;0;0;0;0;0;0;0;0;0;0;0;0;0;0;0;0;0;0;0;0;0;0;0;0;0;0;0;0;0;0;0;0;0;0;0;0;0;
0;0;0;0;0;0;0;0;0;0;0;0;0;0;0;0;0;0;0;0;0;0;0;0;0;0;0;0;0;0;0;0;0;0;0;0;0;0;0;0;0;0;0;0;0;0;0;0;0;0;0;0;0;0;0;0;0;0;0;0;0;0;0;0;0;0;0;0;0;0;0;0;0;0;0;0;0;0;0;0;0;0;0;0;0;0;0;0;0;0;0;0;0;0;0;0;0;0;0;0;0;0;0;0;0;0;0;0;0;0;0;0;0;0;0;0;0;0;0;0;0;0;0;0;0;0;0;0;0;0;0;0;0;0;0;0;0;0;0;0;0;0;0;0;0;0;0;0;0;0;0;0;0;0;0;0;0;0;0;0;0;0;0;0;0;0;0;0;0;0;0;0;0;0;0;0;0;0;0;0;0;0;0;0;0;
0;0;0;0;0;0;0;0;0;0;0;0;0;0;0;0;0;0;0;0;0;0;0;0;0;0;0;0;0;0;0;0;0;0;0;0;0;0;0;0;0;0;0;0;0;0;0;0;0;0;0;0;0;0;0;0;0;0;0;0;0;0;0;0;0;0;0;0;0;0;0;0;0;0;0;0;0;0;0;0;0;0;0;0;0;0;0;0;0;0;0;0;0;0;0;0;0;0;0;0;0;0;0;0;0;0;0;0;0;0;0;0;0;0;0;0;0;0;0;0;0;0;0;0;0;0;0;0;0;0;0;0;0;0;0;0;0;0;0;0;0;0;0;0;0;0;0;0;0;0;0;0;0;0;0;0;0;0;0;0;0;0;0;0;0;0;0;0;0;0;0;0;0;0;0;0;0;0;0;0;0;0;0;0;0;
0;0;0;0;0;0;0;0;0;0;0;0;0;0;0;0;0;0;0;0;0;0;0;0;0;0;0;0;0;0;0;0;0;0;0;0;0;0;0;0;0;0;0;0;0;0;0;0;0;0;0;0;0;0;0;0;0;0;0;0;0;0;0;0;0;0;0;0;0;0;0;0;0;0;0;0;0;0;0;0;0;0;0;0;0;0;0;0;0;0;0;0;0;0;0;0;0;0;0;0;0;0;0;0;0;0;0;0;0;0;0;0;0;0;0;0;0;0;0;0;0;0;0;0;0;0;0;0;0;0;0;0;0;0;0;0;0;0;0;0;0;0;0;0;0;0;0;0;0;0;0;0;0;0;0;0;0;0;0;0;0;0;0;0;0;0;0;0;0;0;0;0;0;0;0;0;0;0;0;0;0;0;0;0;0;
0;0;0;0;0;0;0;0;0;0;0;0;0;0;0;0;0;0;0;0;0;0;0;0;0;0;0;0;0;0;0;0;0;0;0;0;0;0;0;0;0;0;0;0;0;0;0;0;0;0;0;0;0;0;0;0;0;0;0;0;0;0;0;0;0;0;0;0;0;0;0;0;0;0;0;0;0;0;0;0;0;0;0;0;0;0;0;0;0;0;0;0;0;0;0;0;0;0;0;0;0;0;0;0;0;0;0;0;0;0;0;0;0;0;0;0;0;0;0;0;0;0;0;0;0;0;0;0;0;0;0;0;0;0;0;0;0;0;0;0;0;0;0;0;0;0;0;0;0;0;0;0;0;0;0;0;0;0;0;0;0;0;0;0;0;0;0;0;0;0;0;0;0;0;0;0;0;0;0;0;0;0;0;0;0;
0;0;0;0;0;0;0;0;0;0;0;0;0;0;0;0;0;0;0;0;0;0;0;0;0;0;0;0;0;0;0;0;0;0;0;0;0;0;0;0;0;0;0;0;0;0;0;0;0;0;0;0;0;0;0;0;0;0;0;0;0;0;0;0;0;0;0;0;0;0;0;0;0;0;0;0;0;0;0;0;0;0;0;0;0;0;0;0;0;0;0;0;0;0;0;0;0;0;0;0;0;0;0;0;0;0;0;0;0;0;0;0;0;0;0;0;0;0;0;0;0;0;0;0;0;0;0;0;0;0;0;0;0;0;0;0;0;0;0;0;0;0;0;0;0;0;0;0;0;0;0;0;0;0;0;0;0;0;0;0;0;0;0;0;0;0;0;0;0;0;0;0;0;0;0;0;0;0;0;0;0;0;0;0;0;
0;0;0;0;0;0;0;0;0;0;0;0;0;0;0;0;0;0;0;0;0;0;0;0;0;0;0;0;0;0;0;0;0;0;0;0;0;0;0;0;0;0;0;0;0;0;0;0;0;0;0;0;0;0;0;0;0;0;0;0;0;0;0;0;0;0;0;0;0;0;0;0;0;0;0;0;0;0;0;0;0;0;0;0;0;0;0;0;0;0;0;0;0;0;0;0;0;0;0;0;0;0;0;0;0;0;0;0;0;0;0;0;0;0;0;0;0;0;0;0;0;0;0;0;0;0;0;0;0;0;0;0;0;0;0;0;0;0;0;0;0;0;0;0;0;0;0;0;0;0;0;0;0;0;0;0;0;0;0;0;0;0;0;0;0;0;0;0;0;0;0;0;0;0;0;0;0;0;0;0;0;0;0;0;0;
0;0;0;0;0;0;0;0;0;0;0;0;0;0;0;0;0;0;0;0;0;0;0;0;0;0;0;0;0;0;0;0;0;0;0;0;0;0;0;0;0;0;0;0;0;0;0;0;0;0;0;0;0;0;0;0;0;0;0;0;0;0;0;0;0;0;0;0;0;0;0;0;0;0;0;0;0;0;0;0;0;0;0;0;0;0;0;0;0;0;0;0;0;0;0;0;0;0;0;0;0;0;0;0;0;0;0;0;0;0;0;0;0;0;0;0;0;0;0;0;0;0;0;0;0;0;0;0;0;0;0;0;0;0;0;0;0;0;0;0;0;0;0;0;0;0;0;0;0;0;0;0;0;0;0;0;0;0;0;0;0;0;0;0;0;0;0;0;0;0;0;0;0;0;0;0;0;0;0;0;0;0;0;0;0;
0;0;0;0;0;0;0;0;0;0;0;0;0;0;0;0;0;0;0;0;0;0;0;0;0;0;0;0;0;0;0;0;0;0;0;0;0;0;0;0;0;0;0;0;0;0;0;0;0;0;0;0;0;0;0;0;0;0;0;0;0;0;0;0;0;0;0;0;0;0;0;0;0;0;0;0;0;0;0;0;0;0;0;0;0;0;0;0;0;0;0;0;0;0;0;0;0;0;0;0;0;0;0;0;0;0;0;0;0;0;0;0;0;0;0;0;0;0;0;0;0;0;0;0;0;0;0;0;0;0;0;0;0;0;0;0;0;0;0;0;0;0;0;0;0;0;0;0;0;0;0;0;0;0;0;0;0;0;0;0;0;0;0;0;0;0;0;0;0;0;0;0;0;0;0;0;0;0;0;0;0;0;0;0;0;
0;0;0;0;0;0;0;0;0;0;0;0;0;0;0;0;0;0;0;0;0;0;0;0;0;0;0;0;0;0;0;0;0;0;0;0;0;0;0;0;0;0;0;0;0;0;0;0;0;0;0;0;0;0;0;0;0;0;0;0;0;0;0;0;0;0;0;0;0;0;0;0;0;0;0;0;0;0;0;0;0;0;0;0;0;0;0;0;0;0;0;0;0;0;0;0;0;0;0;0;0;0;0;0;0;0;0;0;0;0;0;0;0;0;0;0;0;0;0;0;0;0;0;0;0;0;0;0;0;0;0;0;0;0;0;0;0;0;0;0;0;0;0;0;0;0;0;0;0;0;0;0;0;0;0;0;0;0;0;0;0;0;0;0;0;0;0;0;0;0;0;0;0;0;0;0;0;0;0;0;0;0;0;0;0;
0;0;0;0;0;0;0;0;0;0;0;0;0;0;0;0;0;0;0;0;0;0;0;0;0;0;0;0;0;0;0;0;0;0;0;0;0;0;0;0;0;0;0;0;0;0;0;0;0;0;0;0;0;0;0;0;0;0;0;0;0;0;0;0;0;0;0;0;0;0;0;0;0;0;0;0;0;0;0;0;0;0;0;0;0;0;0;0;0;0;0;0;0;0;0;0;0;0;0;0;0;0;0;0;0;0;0;0;0;0;0;0;0;0;0;0;0;0;0;0;0;0;0;0;0;0;0;0;0;0;0;0;0;0;0;0;0;0;0;0;0;0;0;0;0;0;0;0;0;0;0;0;0;0;0;0;0;0;0;0;0;0;0;0;0;0;0;0;0;0;0;0;0;0;0;0;0;0;0;0;0;0;0;0;0;
0;0;0;0;0;0;0;0;0;0;0;0;0;0;0;0;0;0;0;0;0;0;0;0;0;0;0;0;0;0;0;0;0;0;0;0;0;0;0;0;0;0;0;0;0;0;0;0;0;0;0;0;0;0;0;0;0;0;0;0;0;0;0;0;0;0;0;0;0;0;0;0;0;0;0;0;0;0;0;0;0;0;0;0;0;0;0;0;0;0;0;0;0;0;0;0;0;0;0;0;0;0;0;0;0;0;0;0;0;0;0;0;0;0;0;0;0;0;0;0;0;0;0;0;0;0;0;0;0;0;0;0;0;0;0;0;0;0;0;0;0;0;0;0;0;0;0;0;0;0;0;0;0;0;0;0;0;0;0;0;0;0;0;0;0;0;0;0;0;0;0;0;0;0;0;0;0;0;0;0;0;0;0;0;0;
0;0;0;0;0;0;0;0;0;0;0;0;0;0;0;0;0;0;0;0;0;0;0;0;0;0;0;0;0;0;0;0;0;0;0;0;0;0;0;0;0;0;0;0;0;0;0;0;0;0;0;0;0;0;0;0;0;0;0;0;0;0;0;0;0;0;0;0;0;0;0;0;0;0;0;0;0;0;0;0;0;0;0;0;0;0;0;0;0;0;0;0;0;0;0;0;0;0;0;0;0;0;0;0;0;0;0;0;0;0;0;0;0;0;0;0;0;0;0;0;0;0;0;0;0;0;0;0;0;0;0;0;0;0;0;0;0;0;0;0;0;0;0;0;0;0;0;0;0;0;0;0;0;0;0;0;0;0;0;0;0;0;0;0;0;0;0;0;0;0;0;0;0;0;0;0;0;0;0;0;0;0;0;0;0;
0;0;0;0;0;0;0;0;0;0;0;0;0;0;0;0;0;0;0;0;0;0;0;0;0;0;0;0;0;0;0;0;0;0;0;0;0;0;0;0;0;0;0;0;0;0;0;0;0;0;0;0;0;0;0;0;0;0;0;0;0;0;0;0;0;0;0;0;0;0;0;0;0;0;0;0;0;0;0;0;0;0;0;0;0;0;0;0;0;0;0;0;0;0;0;0;0;0;0;0;0;0;0;0;0;0;0;0;0;0;0;0;0;0;0;0;0;0;0;0;0;0;0;0;0;0;0;0;0;0;0;0;0;0;0;0;0;0;0;0;0;0;0;0;0;0;0;0;0;0;0;0;0;0;0;0;0;0;0;0;0;0;0;0;0;0;0;0;0;0;0;0;0;0;0;0;0;0;0;0;0;0;0;0;0;
0;0;0;0;0;0;0;0;0;0;0;0;0;0;0;0;0;0;0;0;0;0;0;0;0;0;0;0;0;0;0;0;0;0;0;0;0;0;0;0;0;0;0;0;0;0;0;0;0;0;0;0;0;0;0;0;0;0;0;0;0;0;0;0;0;0;0;0;0;0;0;0;0;0;0;0;0;0;0;0;0;0;0;0;0;0;0;0;0;0;0;0;0;0;0;0;0;0;0;0;0;0;0;0;0;0;0;0;0;0;0;0;0;0;0;0;0;0;0;0;0;0;0;0;0;0;0;0;0;0;0;0;0;0;0;0;0;0;0;0;0;0;0;0;0;0;0;0;0;0;0;0;0;0;0;0;0;0;0;0;0;0;0;0;0;0;0;0;0;0;0;0;0;0;0;0;0;0;0;0;0;0;0;0;0;
0;0;0;0;0;0;0;0;0;0;0;0;0;0;0;0;0;0;0;0;0;0;0;0;0;0;0;0;0;0;0;0;0;0;0;0;0;0;0;0;0;0;0;0;0;0;0;0;0;0;0;0;0;0;0;0;0;0;0;0;0;0;0;0;0;0;0;0;0;0;0;0;0;0;0;0;0;0;0;0;0;0;0;0;0;0;0;0;0;0;0;0;0;0;0;0;0;0;0;0;0;0;0;0;0;0;0;0;0;0;0;0;0;0;0;0;0;0;0;0;0;0;0;0;0;0;0;0;0;0;0;0;0;0;0;0;0;0;0;0;0;0;0;0;0;0;0;0;0;0;0;0;0;0;0;0;0;0;0;0;0;0;0;0;0;0;0;0;0;0;0;0;0;0;0;0;0;0;0;0;0;0;0;0;0;
0;0;0;0;0;0;0;0;0;0;0;0;0;0;0;0;0;0;0;0;0;0;0;0;0;0;0;0;0;0;0;0;0;0;0;0;0;0;0;0;0;0;0;0;0;0;0;0;0;0;0;0;0;0;0;0;0;0;0;0;0;0;0;0;0;0;0;0;0;0;0;0;0;0;0;0;0;0;0;0;0;0;0;0;0;0;0;0;0;0;0;0;0;0;0;0;0;0;0;0;0;0;0;0;0;0;0;0;0;0;0;0;0;0;0;0;0;0;0;0;0;0;0;0;0;0;0;0;0;0;0;0;0;0;0;0;0;0;0;0;0;0;0;0;0;0;0;0;0;0;0;0;0;0;0;0;0;0;0;0;0;0;0;0;0;0;0;0;0;0;0;0;0;0;0;0;0;0;0;0;0;0;0;0;0;
0;0;0;0;0;0;0;0;0;0;0;0;0;0;0;0;0;0;0;0;0;0;0;0;0;0;0;0;0;0;0;0;0;0;0;0;0;0;0;0;0;0;0;0;0;0;0;0;0;0;0;0;0;0;0;0;0;0;0;0;0;0;0;0;0;0;0;0;0;0;0;0;0;0;0;0;0;0;0;0;0;0;0;0;0;0;0;0;0;0;0;0;0;0;0;0;0;0;0;0;0;0;0;0;0;0;0;0;0;0;0;0;0;0;0;0;0;0;0;0;0;0;0;0;0;0;0;0;0;0;0;0;0;0;0;0;0;0;0;0;0;0;0;0;0;0;0;0;0;0;0;0;0;0;0;0;0;0;0;0;0;0;0;0;0;0;0;0;0;0;0;0;0;0;0;0;0;0;0;0;0;0;0;0;0;
0;0;0;0;0;0;0;0;0;0;0;0;0;0;0;0;0;0;0;0;0;0;0;0;0;0;0;0;0;0;0;0;0;0;0;0;0;0;0;10;10;10;10;10;10;10;10;10;10;10;10;10;10;10;10;10;10;10;10;10;10;10;10;10;10;10;10;10;10;10;10;10;10;10;10;10;10;10;10;10;10;10;10;10;10;10;10;10;10;10;10;10;10;10;10;10;10;10;10;10;10;10;10;10;10;10;10;10;10;10;10;10;10;10;10;10;10;10;10;10;10;10;10;10;10;10;10;10;10;10;10;10;10;10;10;10;10;10;10;10;10;10;10;0;0;0;0;0;0;0;0;0;0;0;0;0;0;0;0;0;0;0;0;0;0;0;0;0;0;0;0;0;0;0;0;0;0;0;0;0;0;0;0;0;0;
0;0;0;0;0;0;0;0;0;0;0;0;0;0;0;0;0;0;0;0;0;0;0;0;0;0;0;0;0;0;0;0;0;0;0;0;0;0;0;10;10;10;10;10;10;10;10;10;10;10;10;10;10;10;10;10;10;10;10;10;10;10;10;10;10;10;10;10;10;10;10;10;10;10;10;10;10;10;10;10;10;10;10;10;10;10;10;10;10;10;10;10;10;10;10;10;10;10;10;10;10;10;10;10;10;10;10;10;10;10;10;10;10;10;10;10;10;10;10;10;10;10;10;10;10;10;10;10;10;10;10;10;10;10;10;10;10;10;10;10;10;10;10;0;0;0;0;0;0;0;0;0;0;0;0;0;0;0;0;0;0;0;0;0;0;0;0;0;0;0;0;0;0;0;0;0;0;0;0;0;0;0;0;0;0;
0;0;0;0;0;0;0;0;0;0;0;0;0;0;0;0;0;0;0;0;0;0;0;0;0;0;0;0;0;0;0;0;0;0;0;0;0;0;0;10;10;10;10;10;10;10;10;10;10;10;10;10;10;10;10;10;10;10;10;10;10;10;10;10;10;10;10;10;10;10;10;10;10;10;10;10;10;10;10;10;10;10;10;10;10;10;10;10;10;10;10;10;10;10;10;10;10;10;10;10;10;10;10;10;10;10;10;10;10;10;10;10;10;10;10;10;10;10;10;10;10;10;10;10;10;10;10;10;10;10;10;10;10;10;10;10;10;10;10;10;10;10;10;0;0;0;0;0;0;0;0;0;0;0;0;0;0;0;0;0;0;0;0;0;0;0;0;0;0;0;0;0;0;0;0;0;0;0;0;0;0;0;0;0;0;
0;0;0;0;0;0;0;0;0;0;0;0;0;0;0;0;0;0;0;0;0;0;0;0;0;0;0;0;0;0;0;0;0;0;0;0;0;0;0;10;10;10;10;10;10;10;10;10;10;10;10;10;10;10;10;10;10;10;10;10;10;10;10;10;10;10;10;10;10;10;10;10;10;10;10;10;10;10;10;10;10;10;10;10;10;10;10;10;10;10;10;10;10;10;10;10;10;10;10;10;10;10;10;10;10;10;10;10;10;10;10;10;10;10;10;10;10;10;10;10;10;10;10;10;10;10;10;10;10;10;10;10;10;10;10;10;10;10;10;10;10;10;10;0;0;0;0;0;0;0;0;0;0;0;0;0;0;0;0;0;0;0;0;0;0;0;0;0;0;0;0;0;0;0;0;0;0;0;0;0;0;0;0;0;0;

0(0);10;10

0.137532;0.137532;0.138676;0.140964;0.144396;0.148974;0.154699;0.16157;0.16959;0.178757;0.189073;0.200534;0.213142;0.226888;0.241772;0.257783;0.274916;0.293153;0.312488;0.332895;0.354363;0.37686;0.400367;0.424845;0.450269;0.476591;0.50378;0.531781;0.560553;0.590036;0.620182;0.650923;0.682207;0.713958;0.74612;0.778613;0.811378;0.844331;0.877409;0.91053;0.943629;0.976624;1.00945;1.04203;1.07431;1.1062;1.13765;1.1686;1.19899;1.22875;1.25785;1.28623;1.31386;1.34069;1.36669;1.39183;1.41609;1.43944;1.46187;1.48337;1.50394;1.52356;1.54225;1.56;1.57682;1.59274;1.60775;1.62188;1.63516;1.64759;1.6592;1.67003;1.68009;1.68942;1.69803;1.70596;1.71324;1.71989;1.72593;1.73141;1.73633;1.74072;1.74461;1.74802;1.75095;1.75344;1.75549;1.75711;1.75832;1.75913;1.75953;1.75953;1.75913;1.75832;1.75711;1.75549;1.75344;1.75095;1.74802;1.74461;1.74072;1.73633;1.73141;1.72593;1.71989;1.71324;1.70596;1.69803;1.68941;1.68009;1.67003;1.6592;1.64759;1.63516;1.62188;1.60775;1.59273;1.57682;1.55999;1.54224;1.52356;1.50393;1.48337;1.46187;1.43943;1.41608;1.39182;1.36668;1.34067;1.31384;1.28621;1.25782;1.22871;1.19894;1.16854;1.13758;1.10611;1.07421;1.04191;1.0093;0.976445;0.943416;0.910276;0.877108;0.843974;0.810956;0.778116;0.745534;0.71327;0.6814;0.649979;0.619081;0.588753;0.559063;0.530053;0.501781;0.474283;0.447609;0.421787;0.39686;0.372845;0.349777;0.327668;0.306543;0.286406;0.267275;0.249149;0.232037;0.215934;0.200844;0.186756;0.17367;0.161574;0.150464;0.140325;0.131152;0.122931;0.115655;0.109312;0.103894;0.0993925;0.0958009;0.0931121;0.0913224;0.0904283;
0.137532;0.137532;0.138676;0.140964;0.144396;0.148974;0.154699;0.16157;0.16959;0.178757;0.189073;0.200534;0.213142;0.226888;0.241772;0.257783;0.274916;0.293153;0.312488;0.332895;0.354363;0.37686;0.400367;0.424845;0.450269;0.476591;0.50378;0.531781;0.560553;0.590036;0.620182;0.650923;0.682207;0.713958;0.74612;0.778613;0.811378;0.844331;0.877409;0.91053;0.943629;0.976624;1.00945;1.04203;1.07431;1.1062;1.13765;1.1686;1.19899;1.22875;1.25785;1.28623;1.31386;1.34069;1.36669;1.39183;1.41609;1.43944;1.46187;1.48337;1.50394;1.52356;1.54225;1.56;1.57682;1.59274;1.60775;1.62188;1.63516;1.64759;1.6592;1.67003;1.68009;1.68942;1.69803;1.70596;1.71324;1.71989;1.72593;1.73141;1.73633;1.74072;1.74461;1.74802;1.75095;1.75344;1.75549;1.75711;1.75832;1.75913;1.75953;1.75953;1.75913;1.75832;1.75711;1.75549;1.75344;1.75095;1.74802;1.74461;1.74072;1.73633;1.73141;1.72593;1.71989;1.71324;1.70596;1.69803;1.68941;1.68009;1.67003;1.6592;1.64759;1.63516;1.62188;1.60775;1.59273;1.57682;1.55999;1.54224;1.52356;1.50393;1.48337;1.46187;1.43943;1.41608;1.39182;1.36668;1.34067;1.31384;1.28621;1.25782;1.22871;1.19894;1.16854;1.13758;1.10611;1.07421;1.04191;1.0093;0.976445;0.943416;0.910276;0.877108;0.843974;0.810956;0.778116;0.745534;0.71327;0.6814;0.649979;0.619081;0.588753;0.559063;0.530053;0.501781;0.474283;0.447609;0.421787;0.39686;0.372845;0.349777;0.327668;0.306543;0.286406;0.267275;0.249149;0.232037;0.215934;0.200844;0.186756;0.17367;0.161574;0.150464;0.140325;0.131152;0.122931;0.115655;0.109312;0.103894;0.0993925;0.0958009;0.0931121;0.0913224;0.0904283;
0.137581;0.137581;0.138725;0.141014;0.144447;0.149028;0.154753;0.161629;0.169649;0.178822;0.189139;0.200608;0.213215;0.226971;0.241855;0.257877;0.27501;0.29326;0.312595;0.333017;0.354485;0.376997;0.400504;0.425;0.450423;0.476764;0.503953;0.531973;0.560746;0.590249;0.620396;0.651158;0.682442;0.714215;0.746378;0.778894;0.811659;0.844634;0.877713;0.910857;0.943956;0.976974;1.0098;1.04241;1.07468;1.1066;1.13805;1.16902;1.1994;1.22919;1.25829;1.28669;1.31432;1.34117;1.36717;1.39232;1.41658;1.43995;1.46238;1.4839;1.50446;1.5241;1.54279;1.56055;1.57738;1.5933;1.60832;1.62246;1.63573;1.64817;1.65979;1.67062;1.68068;1.69001;1.69863;1.70656;1.71384;1.72049;1.72654;1.73202;1.73694;1.74134;1.74523;1.74863;1.75157;1.75406;1.75611;1.75773;1.75894;1.75975;1.76015;1.76015;1.75975;1.75894;1.75773;1.75611;1.75406;1.75157;1.74863;1.74523;1.74134;1.73694;1.73202;1.72654;1.72049;1.71384;1.70656;1.69863;1.69001;1.68068;1.67062;1.65979;1.64817;1.63573;1.62246;1.60831;1.5933;1.57738;1.56055;1.54278;1.5241;1.50446;1.48389;1.46238;1.43994;1.41657;1.39231;1.36715;1.34115;1.3143;1.28666;1.25826;1.22915;1.19935;1.16896;1.13798;1.10651;1.07458;1.04228;1.00965;0.976795;0.943743;0.910603;0.877412;0.844277;0.811237;0.778396;0.745792;0.713527;0.681635;0.650214;0.619294;0.588967;0.559256;0.530245;0.501953;0.474455;0.447763;0.421941;0.396996;0.372981;0.349897;0.327788;0.306648;0.286511;0.267367;0.24924;0.232117;0.216014;0.200912;0.186825;0.17373;0.161634;0.150515;0.140376;0.131197;0.122976;0.115695;0.109352;0.10393;0.0994287;0.0958345;0.0931457;0.0913548;0.0904606;
0.137678;0.137678;0.138823;0.141113;0.14455;0.149131;0.154864;0.16174;0.169771;0.178945;0.189275;0.200744;0.21337;0.227125;0.242031;0.258052;0.275209;0.293459;0.312821;0.333243;0.354741;0.377253;0.400793;0.425288;0.450747;0.477088;0.504315;0.532335;0.561148;0.590651;0.62084;0.651602;0.682929;0.714703;0.74691;0.779426;0.812237;0.845212;0.878337;0.911481;0.944626;0.977644;1.01052;1.04312;1.07544;1.10736;1.13885;1.16982;1.20025;1.23004;1.25918;1.28758;1.31525;1.34209;1.36813;1.39329;1.41758;1.44094;1.46341;1.48493;1.50552;1.52516;1.54387;1.56163;1.57848;1.59441;1.60944;1.62358;1.63688;1.64932;1.66095;1.67178;1.68186;1.69119;1.69981;1.70775;1.71504;1.72169;1.72775;1.73322;1.73815;1.74255;1.74645;1.74985;1.75279;1.75528;1.75733;1.75896;1.76017;1.76097;1.76137;1.76137;1.76097;1.76017;1.75896;1.75733;1.75528;1.75279;1.74985;1.74645;1.74255;1.73815;1.73322;1.72775;1.72169;1.71504;1.70775;1.69981;1.69119;1.68186;1.67178;1.66095;1.64931;1.63687;1.62358;1.60944;1.5944;1.57848;1.56163;1.54387;1.52515;1.50552;1.48492;1.4634;1.44094;1.41757;1.39327;1.36812;1.34207;1.31522;1.28755;1.25914;1.23;1.2002;1.16976;1.13878;1.10727;1.07534;1.043;1.01037;0.977465;0.944413;0.911227;0.878036;0.844855;0.811814;0.778928;0.746324;0.714014;0.682122;0.650658;0.619738;0.589368;0.559657;0.530606;0.502314;0.474778;0.448085;0.422227;0.397282;0.373234;0.35015;0.32801;0.30687;0.286705;0.267561;0.249409;0.232285;0.21616;0.201059;0.186951;0.173856;0.161743;0.150625;0.140472;0.131292;0.12306;0.115779;0.109427;0.104005;0.0994974;0.0959032;0.0932106;0.0914198;0.0905243;
0.137821;0.137821;0.138967;0.141261;0.144698;0.149289;0.155021;0.161912;0.169943;0.179135;0.189466;0.200958;0.213584;0.227368;0.242273;0.258327;0.275484;0.293772;0.313134;0.333598;0.355095;0.377654;0.401194;0.42574;0.451199;0.477594;0.504821;0.532898;0.561711;0.591275;0.621463;0.652289;0.683616;0.715455;0.747662;0.780245;0.813055;0.846098;0.879223;0.912435;0.945581;0.978666;1.01154;1.04421;1.07653;1.10851;1.14001;1.17104;1.20147;1.23132;1.26046;1.28892;1.31658;1.34348;1.36952;1.39473;1.41902;1.44244;1.4649;1.48646;1.50706;1.52673;1.54545;1.56325;1.5801;1.59605;1.61109;1.62526;1.63855;1.65102;1.66265;1.67351;1.68358;1.69293;1.70156;1.70951;1.7168;1.72346;1.72952;1.73501;1.73994;1.74434;1.74824;1.75165;1.75459;1.75709;1.75914;1.76077;1.76198;1.76278;1.76319;1.76319;1.76278;1.76198;1.76077;1.75914;1.75709;1.75459;1.75165;1.74824;1.74434;1.73994;1.73501;1.72952;1.72346;1.7168;1.70951;1.70156;1.69293;1.68358;1.6735;1.66265;1.65102;1.63855;1.62526;1.61109;1.59605;1.58009;1.56324;1.54544;1.52673;1.50705;1.48646;1.4649;1.44243;1.41901;1.39472;1.36951;1.34347;1.31656;1.28889;1.26042;1.23127;1.20142;1.17098;1.13994;1.10842;1.07643;1.04409;1.01139;0.978487;0.945367;0.912181;0.878922;0.845741;0.812632;0.779746;0.747075;0.714765;0.682808;0.651343;0.62036;0.58999;0.560218;0.531167;0.502817;0.475281;0.448533;0.422676;0.397679;0.373631;0.350499;0.32836;0.307176;0.287011;0.267827;0.249676;0.232517;0.216391;0.201259;0.187152;0.17403;0.161917;0.150775;0.140622;0.131424;0.123192;0.115896;0.109543;0.104111;0.0996029;0.0960013;0.0933087;0.0915142;0.0906187;
0.138007;0.138007;0.139155;0.141449;0.144896;0.149487;0.155235;0.162125;0.170178;0.17937;0.189728;0.201221;0.21388;0.227664;0.242609;0.258663;0.275866;0.294154;0.313567;0.334031;0.355586;0.378145;0.401748;0.426293;0.451821;0.478216;0.505515;0.533593;0.562483;0.592046;0.622315;0.653141;0.684552;0.71639;0.748684;0.781266;0.814164;0.847208;0.880421;0.913632;0.946867;0.979952;1.01291;1.04559;1.07799;1.10997;1.14155;1.17258;1.20309;1.23294;1.26216;1.29062;1.31836;1.34526;1.37137;1.39658;1.42093;1.44435;1.46687;1.48843;1.50908;1.52876;1.54752;1.56532;1.58222;1.59817;1.61325;1.62742;1.64075;1.65321;1.66488;1.67573;1.68584;1.69519;1.70384;1.71179;1.7191;1.72576;1.73184;1.73732;1.74227;1.74667;1.75058;1.75399;1.75694;1.75943;1.76149;1.76312;1.76434;1.76514;1.76554;1.76554;1.76514;1.76434;1.76312;1.76149;1.75943;1.75694;1.75399;1.75058;1.74667;1.74227;1.73732;1.73184;1.72576;1.7191;1.71179;1.70384;1.69519;1.68584;1.67573;1.66488;1.65321;1.64075;1.62742;1.61325;1.59817;1.58222;1.56532;1.54752;1.52876;1.50908;1.48843;1.46687;1.44434;1.42092;1.39656;1.37135;1.34524;1.31834;1.29059;1.26213;1.2329;1.20304;1.17252;1.14148;1.10988;1.07789;1.04546;1.01276;0.979773;0.946653;0.913378;0.880119;0.84685;0.813741;0.780767;0.748096;0.7157;0.683742;0.652194;0.621211;0.59076;0.560987;0.531859;0.503509;0.475899;0.449152;0.423225;0.398228;0.374116;0.350985;0.328786;0.307602;0.287383;0.268199;0.249999;0.23284;0.216672;0.201539;0.187394;0.174272;0.162127;0.150986;0.140806;0.131607;0.123353;0.116057;0.109687;0.104255;0.0997348;0.0961332;0.0934334;0.0916388;0.090741;
0.138233;0.138233;0.139381;0.141683;0.14513;0.149735;0.155483;0.162395;0.170448;0.17967;0.190028;0.201558;0.214217;0.228046;0.242991;0.259097;0.2763;0.294647;0.31406;0.33459;0.356146;0.378777;0.40238;0.427005;0.452532;0.479013;0.506312;0.53448;0.56337;0.593029;0.623298;0.654223;0.685634;0.717576;0.749869;0.782557;0.815455;0.848605;0.881818;0.915137;0.948371;0.981563;1.01453;1.0473;1.07971;1.11179;1.14337;1.1745;1.20501;1.23496;1.26418;1.29273;1.32047;1.34746;1.37356;1.39885;1.42321;1.4467;1.46923;1.49086;1.51151;1.53125;1.55001;1.56787;1.58476;1.60077;1.61585;1.63006;1.64339;1.6559;1.66756;1.67845;1.68855;1.69793;1.70658;1.71456;1.72187;1.72856;1.73463;1.74014;1.74508;1.7495;1.75341;1.75683;1.75978;1.76228;1.76434;1.76597;1.76719;1.76799;1.7684;1.7684;1.76799;1.76719;1.76597;1.76434;1.76228;1.75978;1.75683;1.75341;1.7495;1.74508;1.74014;1.73463;1.72856;1.72187;1.71456;1.70658;1.69793;1.68855;1.67845;1.66756;1.6559;1.64339;1.63006;1.61584;1.60077;1.58476;1.56786;1.55001;1.53124;1.5115;1.49085;1.46922;1.44669;1.4232;1.39884;1.37355;1.34744;1.32045;1.2927;1.26414;1.23492;1.20496;1.17444;1.1433;1.1117;1.0796;1.04718;1.01438;0.981384;0.948157;0.914882;0.881515;0.848246;0.815031;0.782057;0.74928;0.716884;0.684823;0.653275;0.622191;0.59174;0.561872;0.532744;0.504302;0.476692;0.449859;0.423932;0.398854;0.374742;0.351536;0.329337;0.308085;0.287866;0.26862;0.25042;0.233205;0.217037;0.201855;0.18771;0.174546;0.1624;0.151223;0.141043;0.131815;0.12356;0.11624;0.109871;0.104421;0.0999012;0.0962879;0.0935881;0.0917877;0.0908899;
0.138492;0.138492;0.139645;0.141946;0.145406;0.150011;0.155781;0.162693;0.170776;0.179998;0.190395;0.201925;0.214631;0.22846;0.243461;0.259567;0.276834;0.295181;0.314666;0.335197;0.356832;0.379464;0.403154;0.427779;0.453401;0.479882;0.507283;0.535451;0.564449;0.594108;0.624489;0.655414;0.686942;0.718884;0.751297;0.783985;0.817005;0.850155;0.883492;0.916811;0.950169;0.983361;1.01645;1.04922;1.08175;1.11383;1.14553;1.17666;1.20729;1.23723;1.26656;1.29511;1.32295;1.34994;1.37615;1.40143;1.42588;1.44937;1.47198;1.49361;1.51434;1.53408;1.55291;1.57077;1.58773;1.60374;1.61887;1.63309;1.64646;1.65897;1.67068;1.68157;1.69171;1.70109;1.70977;1.71775;1.72508;1.73177;1.73787;1.74337;1.74833;1.75275;1.75667;1.7601;1.76306;1.76556;1.76763;1.76926;1.77048;1.77129;1.77169;1.77169;1.77129;1.77048;1.76926;1.76763;1.76556;1.76306;1.7601;1.75667;1.75275;1.74833;1.74337;1.73787;1.73177;1.72508;1.71775;1.70977;1.70109;1.69171;1.68157;1.67068;1.65897;1.64646;1.63308;1.61887;1.60373;1.58773;1.57077;1.55291;1.53408;1.51433;1.49361;1.47198;1.44937;1.42587;1.40142;1.37613;1.34992;1.32293;1.29508;1.26652;1.23719;1.20724;1.1766;1.14546;1.11374;1.08164;1.0491;1.0163;0.983181;0.949954;0.916555;0.883189;0.849796;0.81658;0.783484;0.750707;0.718191;0.68613;0.654464;0.623381;0.592816;0.562948;0.533711;0.50527;0.477557;0.450723;0.4247;0.399622;0.37542;0.352214;0.329932;0.30868;0.288386;0.26914;0.250872;0.233658;0.217429;0.202248;0.18805;0.174885;0.162694;0.151517;0.141299;0.132071;0.123785;0.116466;0.110073;0.104623;0.100086;0.0964723;0.0937624;0.091962;0.0910608;
0.138782;0.138782;0.139935;0.142246;0.145706;0.15033;0.1561;0.163041;0.171124;0.180384;0.190781;0.202358;0.215065;0.228951;0.243951;0.260124;0.277391;0.295814;0.3153;0.335915;0.35755;0.380276;0.403966;0.428693;0.454315;0.480905;0.508306;0.536591;0.565589;0.59537;0.625752;0.656805;0.688333;0.720406;0.752819;0.785643;0.818663;0.85195;0.885287;0.918743;0.952101;0.98543;1.01852;1.05143;1.08395;1.11617;1.14787;1.17913;1.20975;1.23982;1.26915;1.29782;1.32566;1.35276;1.37897;1.40436;1.42881;1.4524;1.47501;1.49672;1.51745;1.53727;1.55611;1.57404;1.591;1.60707;1.6222;1.63648;1.64985;1.66241;1.67412;1.68506;1.6952;1.70462;1.7133;1.72131;1.72864;1.73536;1.74146;1.74699;1.75195;1.75639;1.76031;1.76374;1.7667;1.76922;1.77128;1.77292;1.77414;1.77495;1.77536;1.77536;1.77495;1.77414;1.77292;1.77128;1.76922;1.7667;1.76374;1.76031;1.75639;1.75195;1.74699;1.74146;1.73536;1.72864;1.72131;1.7133;1.70462;1.6952;1.68506;1.67412;1.66241;1.64985;1.63648;1.6222;1.60707;1.59099;1.57403;1.5561;1.53727;1.51745;1.49672;1.475;1.45239;1.4288;1.40435;1.37895;1.35274;1.32564;1.29779;1.26911;1.23978;1.2097;1.17907;1.1478;1.11608;1.08385;1.0513;1.01836;0.98525;0.951886;0.918487;0.884983;0.85159;0.818237;0.78514;0.752228;0.719712;0.687519;0.655853;0.624641;0.594076;0.564085;0.534848;0.506289;0.478576;0.451631;0.425608;0.400426;0.376224;0.352922;0.33064;0.3093;0.289006;0.26968;0.251413;0.234127;0.217898;0.202653;0.188456;0.175236;0.163046;0.151822;0.141604;0.132337;0.124052;0.116702;0.110309;0.104836;0.100299;0.0966709;0.0939611;0.0921532;0.091252;
0.139095;0.139095;0.140253;0.142564;0.146039;0.150663;0.156459;0.1634;0.171519;0.180779;0.191222;0.2028;0.215563;0.229449;0.244517;0.26069;0.278034;0.296457;0.316029;0.336645;0.358377;0.381102;0.404898;0.429625;0.455362;0.481952;0.509475;0.53776;0.566887;0.596668;0.627186;0.658238;0.689907;0.72198;0.754538;0.787362;0.820529;0.853816;0.887302;0.920758;0.954265;0.987594;1.02083;1.05374;1.08641;1.11863;1.15047;1.18173;1.21249;1.24255;1.27201;1.30068;1.32865;1.35575;1.38207;1.40747;1.43202;1.45561;1.47832;1.50004;1.52086;1.54068;1.5596;1.57753;1.59457;1.61064;1.62584;1.64012;1.65355;1.66611;1.67787;1.68881;1.69899;1.70841;1.71713;1.72515;1.73251;1.73923;1.74535;1.75088;1.75586;1.7603;1.76424;1.76768;1.77065;1.77316;1.77524;1.77688;1.77811;1.77892;1.77932;1.77932;1.77892;1.77811;1.77688;1.77524;1.77316;1.77065;1.76768;1.76424;1.7603;1.75586;1.75088;1.74535;1.73923;1.73251;1.72514;1.71713;1.70841;1.69899;1.68881;1.67787;1.66611;1.65355;1.64011;1.62584;1.61064;1.59456;1.57753;1.5596;1.54068;1.52086;1.50004;1.47832;1.4556;1.43201;1.40745;1.38206;1.35573;1.32863;1.30066;1.27198;1.24251;1.21244;1.18167;1.15039;1.11854;1.08631;1.05361;1.02068;0.987413;0.954049;0.920501;0.886997;0.853455;0.820102;0.786858;0.753946;0.721284;0.689091;0.657284;0.626072;0.595371;0.56538;0.536012;0.507453;0.479617;0.452672;0.426532;0.401351;0.377041;0.353738;0.331357;0.310017;0.289632;0.270307;0.251957;0.234671;0.21837;0.203125;0.188864;0.175645;0.1634;0.152176;0.141912;0.132645;0.124323;0.116973;0.110551;0.105079;0.100521;0.0968929;0.0941708;0.0923629;0.0914577;
0.139426;0.139426;0.140584;0.142906;0.146381;0.151027;0.156822;0.163796;0.171915;0.181219;0.191662;0.203294;0.216057;0.230009;0.245076;0.261326;0.278669;0.297179;0.316752;0.337464;0.359196;0.382028;0.405825;0.430668;0.456404;0.483119;0.510643;0.53906;0.568187;0.598108;0.628626;0.659824;0.691493;0.723717;0.756275;0.789252;0.82242;0.855863;0.889348;0.922962;0.956469;0.989955;1.02319;1.05625;1.08893;1.12129;1.15313;1.18454;1.2153;1.24551;1.27497;1.30377;1.33174;1.35897;1.38529;1.4108;1.43536;1.45906;1.48177;1.50359;1.52441;1.54432;1.56324;1.58126;1.59829;1.61444;1.62964;1.64399;1.65742;1.67004;1.6818;1.69279;1.70297;1.71244;1.72116;1.72921;1.73658;1.74332;1.74945;1.755;1.75998;1.76445;1.76838;1.77184;1.77481;1.77733;1.77941;1.78106;1.78228;1.7831;1.7835;1.7835;1.7831;1.78228;1.78106;1.77941;1.77733;1.77481;1.77184;1.76838;1.76445;1.75998;1.755;1.74945;1.74332;1.73658;1.72921;1.72116;1.71244;1.70297;1.69279;1.6818;1.67004;1.65742;1.64398;1.62964;1.61444;1.59829;1.58126;1.56324;1.54432;1.52441;1.50358;1.48176;1.45905;1.43535;1.41079;1.38527;1.35895;1.33172;1.30374;1.27493;1.24547;1.21525;1.18448;1.15306;1.1212;1.08882;1.05613;1.02304;0.989773;0.956253;0.922705;0.889043;0.855501;0.821992;0.788748;0.755681;0.723019;0.690675;0.658868;0.627509;0.596808;0.566676;0.537308;0.508615;0.480779;0.453707;0.427568;0.402268;0.377958;0.354546;0.332165;0.310724;0.290339;0.270923;0.252573;0.235206;0.218904;0.203588;0.189327;0.176046;0.1638;0.152524;0.14226;0.132949;0.124627;0.117242;0.110821;0.105322;0.100765;0.0971195;0.0943974;0.092581;0.0916758;
0.139766;0.139766;0.140929;0.143251;0.146743;0.151389;0.157213;0.164186;0.172345;0.181649;0.192143;0.203775;0.2166;0.230551;0.245692;0.261941;0.279369;0.297878;0.317546;0.338258;0.360095;0.382927;0.406839;0.431682;0.457543;0.484258;0.511914;0.540332;0.569599;0.599521;0.630186;0.661384;0.693206;0.72543;0.758145;0.791123;0.82445;0.857894;0.891541;0.925155;0.958823;0.992309;1.0257;1.05877;1.0916;1.12397;1.15596;1.18737;1.21828;1.24848;1.27809;1.30689;1.33499;1.36222;1.38867;1.41418;1.43886;1.46256;1.48538;1.5072;1.52812;1.54804;1.56704;1.58506;1.60218;1.61833;1.6336;1.64794;1.66145;1.67406;1.68588;1.69687;1.7071;1.71657;1.72533;1.73338;1.74078;1.74753;1.75369;1.75924;1.76425;1.76871;1.77267;1.77612;1.77911;1.78163;1.78372;1.78537;1.7866;1.78741;1.78782;1.78782;1.78741;1.7866;1.78537;1.78372;1.78163;1.77911;1.77612;1.77266;1.76871;1.76425;1.75924;1.75369;1.74753;1.74078;1.73338;1.72533;1.71657;1.7071;1.69687;1.68588;1.67406;1.66145;1.64794;1.6336;1.61832;1.60218;1.58506;1.56704;1.54803;1.52812;1.50719;1.48537;1.46255;1.43885;1.41417;1.38866;1.3622;1.33497;1.30686;1.27805;1.24844;1.21823;1.18731;1.15589;1.12388;1.09149;1.05864;1.02555;0.992127;0.958607;0.924897;0.891235;0.857531;0.824022;0.790617;0.75755;0.724731;0.692386;0.660425;0.629067;0.598218;0.568085;0.538575;0.509882;0.481911;0.45484;0.428574;0.403274;0.378846;0.355434;0.332945;0.311504;0.291021;0.271604;0.253166;0.235798;0.219418;0.204102;0.189771;0.17649;0.164185;0.152908;0.142595;0.133285;0.124922;0.117537;0.111084;0.105586;0.101006;0.0973609;0.0946257;0.0928093;0.0918997;
0.140111;0.140111;0.141274;0.143607;0.147099;0.151768;0.157592;0.164599;0.172758;0.182107;0.192601;0.20429;0.217115;0.231134;0.246275;0.262603;0.280031;0.298631;0.318299;0.339112;0.360949;0.383893;0.407804;0.432768;0.458629;0.485474;0.513131;0.541687;0.570954;0.601022;0.631687;0.663037;0.694859;0.72724;0.759955;0.793093;0.826421;0.860027;0.893674;0.927452;0.96112;0.994769;1.02816;1.06139;1.09422;1.12674;1.15874;1.1903;1.22121;1.25156;1.28116;1.31011;1.33821;1.36557;1.39202;1.41766;1.44234;1.46615;1.48897;1.5109;1.53182;1.55183;1.57084;1.58894;1.60606;1.62229;1.63756;1.65198;1.66548;1.67816;1.68998;1.70102;1.71125;1.72076;1.72953;1.73762;1.74502;1.7518;1.75795;1.76353;1.76854;1.77302;1.77698;1.78045;1.78344;1.78598;1.78806;1.78972;1.79095;1.79177;1.79218;1.79218;1.79177;1.79095;1.78972;1.78806;1.78598;1.78344;1.78045;1.77698;1.77302;1.76854;1.76353;1.75795;1.7518;1.74502;1.73762;1.72953;1.72076;1.71125;1.70102;1.68998;1.67816;1.66548;1.65198;1.63756;1.62229;1.60606;1.58894;1.57084;1.55183;1.53181;1.51089;1.48896;1.46614;1.44233;1.41765;1.39201;1.36555;1.33819;1.31008;1.28113;1.25152;1.22116;1.19024;1.15867;1.12666;1.09411;1.06126;1.02801;0.994587;0.960903;0.927193;0.893367;0.859663;0.825991;0.792586;0.759358;0.726539;0.694037;0.662076;0.630564;0.599715;0.569436;0.539926;0.511093;0.483122;0.455919;0.429653;0.40423;0.379802;0.356276;0.333786;0.312241;0.291758;0.272246;0.253808;0.236356;0.219975;0.204584;0.190254;0.176908;0.164603;0.153271;0.142957;0.133602;0.125239;0.117818;0.111365;0.10584;0.10126;0.0975971;0.0948619;0.0930366;0.092127;
0.140451;0.140451;0.14162;0.143953;0.147462;0.152131;0.157982;0.16499;0.173188;0.182537;0.193081;0.20477;0.217657;0.231676;0.24689;0.263219;0.28073;0.29933;0.319093;0.339906;0.361848;0.384792;0.408818;0.433782;0.459768;0.486613;0.514403;0.542959;0.572367;0.602434;0.633247;0.664597;0.696572;0.728953;0.761826;0.794963;0.828452;0.862058;0.895867;0.929644;0.963475;0.997124;1.03068;1.0639;1.09689;1.12942;1.16157;1.19312;1.22418;1.25454;1.28428;1.31323;1.34147;1.36883;1.3954;1.42104;1.44584;1.46965;1.49258;1.51451;1.53553;1.55554;1.57464;1.59275;1.60995;1.62617;1.64152;1.65594;1.6695;1.68218;1.69406;1.7051;1.71538;1.72489;1.7337;1.74179;1.74923;1.75601;1.76219;1.76777;1.77281;1.77729;1.78126;1.78474;1.78774;1.79027;1.79237;1.79403;1.79526;1.79608;1.79649;1.79649;1.79608;1.79526;1.79403;1.79237;1.79027;1.78774;1.78474;1.78126;1.77729;1.77281;1.76777;1.76219;1.75601;1.74923;1.74179;1.7337;1.72489;1.71538;1.7051;1.69406;1.68218;1.6695;1.65593;1.64152;1.62617;1.60994;1.59274;1.57464;1.55554;1.53552;1.5145;1.49257;1.46964;1.44583;1.42103;1.39539;1.36881;1.34144;1.3132;1.28425;1.2545;1.22413;1.19306;1.16149;1.12933;1.09679;1.06378;1.03052;0.996941;0.963257;0.929385;0.895559;0.861693;0.828021;0.794455;0.761227;0.72825;0.695748;0.663634;0.632122;0.601124;0.570845;0.541194;0.512361;0.484255;0.457052;0.430659;0.405236;0.380691;0.357164;0.334566;0.313021;0.292439;0.272928;0.2544;0.236948;0.220489;0.205098;0.190698;0.177352;0.164988;0.153656;0.143293;0.133937;0.125534;0.118113;0.111629;0.106103;0.101502;0.0978386;0.0950901;0.0932648;0.0923508;
0.140781;0.140781;0.141951;0.144295;0.147804;0.152494;0.158346;0.165386;0.173584;0.182977;0.193521;0.205265;0.218151;0.232236;0.24745;0.263854;0.281366;0.300053;0.319815;0.340725;0.362667;0.385718;0.409744;0.434825;0.46081;0.48778;0.51557;0.544259;0.573667;0.603875;0.634687;0.666183;0.698158;0.730689;0.763562;0.796854;0.830342;0.864105;0.897914;0.931848;0.965679;0.999484;1.03304;1.06642;1.09941;1.13208;1.16423;1.19594;1.227;1.25749;1.28724;1.31632;1.34456;1.37204;1.39862;1.42438;1.44917;1.4731;1.49603;1.51806;1.53908;1.55918;1.57828;1.59647;1.61367;1.62998;1.64532;1.65981;1.67337;1.68611;1.69799;1.70908;1.71936;1.72892;1.73772;1.74585;1.75329;1.7601;1.76629;1.77189;1.77693;1.78143;1.78541;1.78889;1.7919;1.79444;1.79654;1.7982;1.79944;1.80026;1.80067;1.80067;1.80026;1.79944;1.7982;1.79654;1.79444;1.7919;1.78889;1.78541;1.78143;1.77693;1.77189;1.76629;1.7601;1.75329;1.74585;1.73772;1.72892;1.71936;1.70908;1.69799;1.68611;1.67337;1.6598;1.64532;1.62998;1.61367;1.59647;1.57828;1.55918;1.53907;1.51805;1.49602;1.47309;1.44916;1.42436;1.3986;1.37202;1.34453;1.31629;1.2872;1.25745;1.22695;1.19588;1.16416;1.13199;1.0993;1.06629;1.03288;0.999301;0.96546;0.931588;0.897605;0.863739;0.82991;0.796345;0.762962;0.729985;0.697332;0.665217;0.633559;0.602562;0.572141;0.54249;0.513523;0.485417;0.458087;0.431694;0.406153;0.381608;0.357972;0.335374;0.313728;0.293146;0.273544;0.255016;0.237483;0.221023;0.205561;0.191161;0.177753;0.165389;0.154004;0.14364;0.134241;0.125838;0.118382;0.111898;0.106347;0.101746;0.0980652;0.0953167;0.0934829;0.0925689;
0.141094;0.141094;0.142268;0.144612;0.148137;0.152827;0.158705;0.165745;0.173979;0.183372;0.193963;0.205706;0.21865;0.232734;0.248015;0.26442;0.282009;0.300695;0.320545;0.341455;0.363494;0.386544;0.410676;0.435757;0.461857;0.488827;0.516739;0.545428;0.574965;0.605173;0.63612;0.667617;0.699732;0.732264;0.765281;0.798573;0.832208;0.865971;0.899929;0.933863;0.967842;1.00165;1.03535;1.06873;1.10186;1.13454;1.16683;1.19854;1.22973;1.26023;1.2901;1.31918;1.34755;1.37503;1.40173;1.42748;1.45239;1.47631;1.49934;1.52137;1.54249;1.56259;1.58178;1.59997;1.61724;1.63355;1.64896;1.66344;1.67707;1.68981;1.70174;1.71283;1.72316;1.73271;1.74156;1.74969;1.75716;1.76397;1.77018;1.77579;1.78084;1.78535;1.78934;1.79283;1.79584;1.79839;1.8005;1.80216;1.8034;1.80423;1.80464;1.80464;1.80423;1.8034;1.80216;1.8005;1.79839;1.79584;1.79283;1.78934;1.78535;1.78084;1.77579;1.77018;1.76397;1.75716;1.74969;1.74156;1.73271;1.72316;1.71283;1.70174;1.68981;1.67707;1.66344;1.64896;1.63355;1.61724;1.59996;1.58178;1.56259;1.54248;1.52137;1.49934;1.4763;1.45238;1.42747;1.40171;1.37501;1.34752;1.31915;1.29007;1.26019;1.22968;1.19847;1.16676;1.13445;1.10176;1.0686;1.0352;1.00146;0.967624;0.933603;0.89962;0.865605;0.831776;0.798062;0.76468;0.731558;0.698904;0.666649;0.634991;0.603857;0.573436;0.543654;0.514687;0.486458;0.459128;0.432619;0.407077;0.382424;0.358788;0.336091;0.314445;0.293772;0.27417;0.255561;0.238027;0.221495;0.206033;0.191569;0.178161;0.165742;0.154358;0.143948;0.134549;0.126109;0.118653;0.112141;0.106589;0.101967;0.0982871;0.0955265;0.0936927;0.0927746;
0.141384;0.141384;0.142558;0.144912;0.148436;0.153146;0.159024;0.166093;0.174326;0.183757;0.194348;0.20614;0.219083;0.233225;0.248506;0.264977;0.282566;0.301329;0.321178;0.342173;0.364212;0.387356;0.411488;0.436671;0.462771;0.48985;0.517762;0.546568;0.576105;0.606435;0.637383;0.669007;0.701123;0.733786;0.766804;0.800231;0.833866;0.867766;0.901723;0.935795;0.969775;1.00372;1.03742;1.07094;1.10407;1.13688;1.16917;1.201;1.2322;1.26282;1.29269;1.32189;1.35025;1.37785;1.40455;1.43041;1.45531;1.47933;1.50237;1.52449;1.5456;1.56579;1.58497;1.60323;1.62051;1.63688;1.6523;1.66684;1.68046;1.69325;1.70518;1.71632;1.72665;1.73624;1.74509;1.75325;1.76072;1.76756;1.77377;1.7794;1.78446;1.78898;1.79297;1.79647;1.79949;1.80205;1.80415;1.80582;1.80707;1.80789;1.8083;1.8083;1.80789;1.80707;1.80582;1.80415;1.80205;1.79949;1.79647;1.79297;1.78898;1.78446;1.7794;1.77377;1.76756;1.76072;1.75325;1.74509;1.73624;1.72665;1.71632;1.70518;1.69325;1.68046;1.66684;1.6523;1.63688;1.62051;1.60323;1.58497;1.56578;1.5456;1.52448;1.50236;1.47933;1.4553;1.4304;1.40453;1.37783;1.35023;1.32186;1.29266;1.26278;1.23215;1.20094;1.16909;1.13679;1.10396;1.07081;1.03727;1.00353;0.969555;0.935535;0.901414;0.867399;0.833432;0.799719;0.766201;0.733079;0.700293;0.668037;0.636251;0.605117;0.574573;0.544791;0.515706;0.487476;0.460036;0.433527;0.407882;0.383228;0.359496;0.336799;0.315065;0.294392;0.27471;0.256101;0.238496;0.221964;0.206439;0.191975;0.178512;0.166094;0.154663;0.144253;0.134816;0.126375;0.118889;0.112377;0.106803;0.102181;0.0984858;0.0957252;0.0938839;0.0929658;
0.141644;0.141644;0.142822;0.145176;0.148713;0.153423;0.159322;0.166391;0.174655;0.184086;0.194715;0.206507;0.219497;0.233639;0.248976;0.265447;0.2831;0.301863;0.321784;0.342779;0.364898;0.388043;0.412263;0.437445;0.46364;0.49072;0.518733;0.547539;0.577184;0.607514;0.638574;0.670199;0.702431;0.735094;0.768232;0.801659;0.835417;0.869316;0.903398;0.937469;0.971572;1.00552;1.03934;1.07286;1.10611;1.13892;1.17133;1.20316;1.23447;1.26509;1.29507;1.32427;1.35274;1.38034;1.40713;1.43299;1.45798;1.48201;1.50512;1.52724;1.54843;1.56862;1.58788;1.60614;1.62348;1.63985;1.65532;1.66986;1.68354;1.69633;1.7083;1.71944;1.7298;1.7394;1.74827;1.75643;1.76393;1.77077;1.77701;1.78264;1.78771;1.79223;1.79624;1.79974;1.80277;1.80533;1.80744;1.80911;1.81036;1.81119;1.8116;1.8116;1.81119;1.81036;1.80911;1.80744;1.80533;1.80277;1.79974;1.79624;1.79223;1.78771;1.78264;1.77701;1.77077;1.76393;1.75643;1.74827;1.7394;1.7298;1.71943;1.7083;1.69633;1.68354;1.66986;1.65532;1.63985;1.62347;1.60613;1.58787;1.56862;1.54843;1.52724;1.50512;1.482;1.45797;1.43298;1.40711;1.38032;1.35271;1.32424;1.29504;1.26505;1.23442;1.2031;1.17125;1.13883;1.106;1.07273;1.03919;1.00533;0.971353;0.937208;0.903087;0.868948;0.834982;0.801146;0.767628;0.734385;0.7016;0.669226;0.63744;0.606193;0.575649;0.545758;0.516673;0.488341;0.4609;0.434295;0.40865;0.383906;0.360175;0.337394;0.315661;0.294912;0.27523;0.256553;0.238949;0.222356;0.206831;0.192315;0.178852;0.166388;0.154956;0.144509;0.135072;0.1266;0.119115;0.112578;0.107004;0.102366;0.0986702;0.0958995;0.0940582;0.0931368;
0.141869;0.141869;0.143048;0.145409;0.148946;0.153671;0.15957;0.166661;0.174925;0.184386;0.195016;0.206844;0.219835;0.234021;0.249358;0.265881;0.283534;0.302356;0.322277;0.343338;0.365458;0.388675;0.412895;0.438156;0.464351;0.491516;0.51953;0.548426;0.578071;0.608497;0.639557;0.671281;0.703513;0.73628;0.769417;0.802949;0.836707;0.870713;0.904795;0.938974;0.973077;1.00713;1.04095;1.07457;1.10783;1.14074;1.17315;1.20508;1.23639;1.26711;1.29709;1.32638;1.35485;1.38253;1.40932;1.43527;1.46026;1.48436;1.50747;1.52966;1.55085;1.57111;1.59036;1.60868;1.62602;1.64244;1.65791;1.6725;1.68618;1.69901;1.71098;1.72215;1.73252;1.74214;1.75102;1.75921;1.76671;1.77357;1.7798;1.78545;1.79052;1.79506;1.79907;1.80258;1.80561;1.80817;1.81029;1.81196;1.81321;1.81404;1.81445;1.81445;1.81404;1.81321;1.81196;1.81029;1.80817;1.80561;1.80258;1.79907;1.79506;1.79052;1.78545;1.7798;1.77357;1.76671;1.75921;1.75102;1.74214;1.73252;1.72215;1.71098;1.69901;1.68618;1.6725;1.65791;1.64244;1.62602;1.60868;1.59036;1.5711;1.55085;1.52966;1.50747;1.48435;1.46025;1.43525;1.40931;1.38251;1.35482;1.32635;1.29706;1.26706;1.23634;1.20502;1.17307;1.14065;1.10772;1.07444;1.0408;1.00694;0.972857;0.938712;0.904484;0.870345;0.836272;0.802436;0.768812;0.735569;0.702681;0.670307;0.638421;0.607173;0.576533;0.546643;0.517467;0.489134;0.461607;0.435002;0.409276;0.384532;0.360726;0.337945;0.316143;0.295395;0.275651;0.256974;0.239314;0.222721;0.207147;0.192631;0.179125;0.166661;0.155194;0.144747;0.135279;0.126808;0.119298;0.112762;0.107171;0.102532;0.0988248;0.0960541;0.094207;0.0932856;
0.142055;0.142055;0.143237;0.145598;0.149144;0.153869;0.159783;0.166874;0.17516;0.184621;0.195278;0.207106;0.220131;0.234317;0.249694;0.266217;0.283916;0.302737;0.322711;0.343772;0.365949;0.389166;0.413449;0.43871;0.464973;0.492138;0.520224;0.549121;0.578843;0.609268;0.640409;0.672133;0.704449;0.737215;0.770439;0.803971;0.837816;0.871822;0.905992;0.940171;0.974363;1.00841;1.04232;1.07595;1.10929;1.1422;1.17469;1.20662;1.23801;1.26873;1.29879;1.32808;1.35662;1.38431;1.41117;1.43711;1.46217;1.48627;1.50945;1.53164;1.55288;1.57313;1.59244;1.61076;1.62814;1.64456;1.66008;1.67466;1.68837;1.70121;1.71321;1.72438;1.73478;1.7444;1.7533;1.76149;1.76901;1.77587;1.78212;1.78777;1.79285;1.79739;1.80141;1.80492;1.80796;1.81052;1.81264;1.81432;1.81557;1.8164;1.81681;1.81681;1.8164;1.81557;1.81432;1.81264;1.81052;1.80796;1.80492;1.80141;1.79739;1.79285;1.78777;1.78212;1.77587;1.76901;1.76149;1.7533;1.7444;1.73478;1.72438;1.71321;1.7012;1.68837;1.67466;1.66008;1.64456;1.62814;1.61075;1.59244;1.57313;1.55288;1.53163;1.50944;1.48626;1.46216;1.4371;1.41115;1.38429;1.3566;1.32805;1.29876;1.26869;1.23796;1.20656;1.17462;1.14211;1.10918;1.07582;1.04217;1.00823;0.974142;0.939909;0.905681;0.871454;0.83738;0.803456;0.769833;0.736504;0.703615;0.671158;0.639271;0.607943;0.577303;0.547335;0.518159;0.489753;0.462225;0.435551;0.409825;0.385017;0.361211;0.338372;0.316569;0.295767;0.276023;0.257298;0.239637;0.223002;0.207427;0.192873;0.179368;0.166871;0.155404;0.14493;0.135462;0.126969;0.119459;0.112906;0.107315;0.102664;0.0989567;0.0961788;0.0943317;0.0934079;
0.142198;0.142198;0.14338;0.145746;0.149292;0.154026;0.159941;0.167046;0.175331;0.184811;0.195468;0.20732;0.220345;0.23456;0.249936;0.266492;0.284191;0.30305;0.323024;0.344127;0.366303;0.389567;0.41385;0.439162;0.465425;0.492644;0.52073;0.549684;0.579406;0.609892;0.641033;0.67282;0.705135;0.737967;0.77119;0.804789;0.838635;0.872708;0.906878;0.941126;0.975317;1.00943;1.04335;1.07704;1.11038;1.14335;1.17584;1.20784;1.23923;1.27001;1.30007;1.32942;1.35796;1.3857;1.41256;1.43856;1.46362;1.48776;1.51094;1.53317;1.55442;1.57471;1.59401;1.61237;1.62976;1.64621;1.66172;1.67634;1.69005;1.70291;1.71491;1.7261;1.7365;1.74614;1.75504;1.76325;1.77076;1.77764;1.78389;1.78955;1.79464;1.79918;1.8032;1.80672;1.80976;1.81233;1.81444;1.81613;1.81738;1.81821;1.81862;1.81862;1.81821;1.81738;1.81613;1.81444;1.81233;1.80976;1.80672;1.8032;1.79918;1.79464;1.78955;1.78389;1.77764;1.77076;1.76325;1.75504;1.74614;1.7365;1.7261;1.71491;1.70291;1.69005;1.67634;1.66172;1.64621;1.62975;1.61237;1.59401;1.57471;1.55441;1.53317;1.51093;1.48775;1.46361;1.43854;1.41255;1.38568;1.35794;1.32939;1.30004;1.26997;1.23918;1.20778;1.17577;1.14326;1.11027;1.07691;1.04319;1.00925;0.975096;0.940863;0.906567;0.872339;0.838198;0.804275;0.770584;0.737255;0.704301;0.671844;0.639894;0.608565;0.577864;0.547896;0.518662;0.490256;0.462674;0.435999;0.410222;0.385415;0.36156;0.338721;0.316875;0.296073;0.27629;0.257564;0.239869;0.223233;0.207628;0.193074;0.179541;0.167045;0.155555;0.14508;0.135594;0.127101;0.119576;0.113023;0.10742;0.102769;0.0990548;0.0962769;0.0944261;0.0935023;
0.142295;0.142295;0.143479;0.145844;0.149396;0.154129;0.160052;0.167157;0.175454;0.184933;0.195605;0.207457;0.220499;0.234714;0.250111;0.266667;0.28439;0.303249;0.323249;0.344353;0.366559;0.389823;0.414138;0.43945;0.465749;0.492968;0.521092;0.550046;0.579808;0.610294;0.641477;0.673264;0.705623;0.738455;0.771723;0.805322;0.839213;0.873287;0.907502;0.94175;0.975987;1.0101;1.04406;1.07775;1.11114;1.14411;1.17665;1.20865;1.24008;1.27086;1.30096;1.33031;1.35889;1.38663;1.41352;1.43952;1.46461;1.48876;1.51197;1.5342;1.55547;1.57577;1.5951;1.61345;1.63086;1.64732;1.66285;1.67746;1.6912;1.70405;1.71607;1.72727;1.73768;1.74732;1.75623;1.76443;1.77196;1.77884;1.7851;1.79076;1.79585;1.8004;1.80442;1.80794;1.81098;1.81355;1.81567;1.81735;1.8186;1.81943;1.81985;1.81985;1.81943;1.8186;1.81735;1.81567;1.81355;1.81098;1.80794;1.80442;1.8004;1.79585;1.79076;1.7851;1.77884;1.77196;1.76443;1.75623;1.74732;1.73768;1.72727;1.71607;1.70405;1.69119;1.67746;1.66285;1.64731;1.63086;1.61345;1.59509;1.57576;1.55547;1.53419;1.51196;1.48875;1.4646;1.43951;1.41351;1.38661;1.35886;1.33028;1.30093;1.27082;1.24003;1.20859;1.17657;1.14402;1.11103;1.07762;1.04391;1.00992;0.975766;0.941487;0.907191;0.872917;0.838776;0.804807;0.771116;0.737742;0.704788;0.672287;0.640337;0.608966;0.578265;0.548257;0.519022;0.490578;0.462996;0.436286;0.410508;0.385667;0.361813;0.338943;0.317097;0.296267;0.276484;0.257733;0.240037;0.223379;0.207774;0.1932;0.179668;0.167154;0.155664;0.145176;0.135689;0.127185;0.11966;0.113098;0.107495;0.102838;0.0991236;0.0963419;0.0944911;0.093566;
0.142344;0.142344;0.143528;0.145895;0.149446;0.154183;0.160106;0.167216;0.175513;0.184999;0.19567;0.20753;0.220572;0.234797;0.250194;0.266762;0.284484;0.303356;0.323357;0.344474;0.366681;0.38996;0.414276;0.439605;0.465903;0.493141;0.521265;0.550238;0.580001;0.610507;0.64169;0.673499;0.705858;0.738712;0.77198;0.805602;0.839493;0.87359;0.907806;0.942076;0.976314;1.01045;1.04441;1.07812;1.11151;1.14451;1.17704;1.20906;1.2405;1.2713;1.3014;1.33077;1.35934;1.3871;1.414;1.44001;1.46511;1.48927;1.51248;1.53473;1.556;1.57631;1.59564;1.61401;1.63141;1.64788;1.66341;1.67804;1.69177;1.70463;1.71665;1.72786;1.73827;1.74792;1.75683;1.76504;1.77257;1.77945;1.7857;1.79137;1.79646;1.80101;1.80503;1.80856;1.8116;1.81417;1.81629;1.81797;1.81922;1.82005;1.82047;1.82047;1.82005;1.81922;1.81797;1.81629;1.81417;1.8116;1.80856;1.80503;1.80101;1.79646;1.79137;1.7857;1.77945;1.77257;1.76504;1.75683;1.74792;1.73827;1.72786;1.71665;1.70463;1.69177;1.67804;1.66341;1.64788;1.63141;1.614;1.59563;1.5763;1.556;1.53472;1.51247;1.48926;1.4651;1.44;1.41399;1.38709;1.35932;1.33074;1.30136;1.27125;1.24045;1.209;1.17697;1.14442;1.1114;1.078;1.04426;1.01027;0.976093;0.941814;0.907494;0.873221;0.839056;0.805087;0.771374;0.738;0.705023;0.672522;0.64055;0.609179;0.578458;0.548449;0.519195;0.490751;0.46315;0.436439;0.410644;0.385803;0.361933;0.339063;0.317202;0.296372;0.276575;0.257824;0.240117;0.223459;0.207842;0.193269;0.179727;0.167214;0.155716;0.145227;0.135734;0.12723;0.1197;0.113138;0.107531;0.102874;0.0991572;0.0963755;0.0945234;0.0935984;

99.9654(923);54.9309;1.82047

0.774302;0.774302;0.774642;0.775322;0.77634;0.777696;0.779387;0.781412;0.783768;0.786452;0.789461;0.79279;0.796436;0.800394;0.804659;0.809226;0.814088;0.819239;0.824674;0.830385;0.836365;0.842607;0.849102;0.855843;0.862821;0.870027;0.877452;0.885087;0.892922;0.900948;0.909154;0.91753;0.926067;0.934752;0.943576;0.952527;0.961594;0.970767;0.980033;0.989381;0.9988;1.00828;1.0178;1.02736;1.03695;1.04655;1.05614;1.06573;1.07529;1.08482;1.0943;1.10373;1.11308;1.12235;1.13154;1.14061;1.14958;1.15842;1.16712;1.17567;1.18407;1.19231;1.20036;1.20823;1.2159;1.22337;1.23062;1.23765;1.24445;1.25101;1.25732;1.26338;1.26917;1.27469;1.27993;1.2849;1.28957;1.29395;1.29802;1.3018;1.30526;1.30841;1.31123;1.31374;1.31592;1.31777;1.3193;1.32048;1.32134;1.32185;1.32203;1.32187;1.32138;1.32054;1.31936;1.31785;1.31601;1.31382;1.31131;1.30846;1.30529;1.30179;1.29798;1.29384;1.28939;1.28464;1.27957;1.27421;1.26856;1.26262;1.2564;1.2499;1.24314;1.23611;1.22884;1.22131;1.21355;1.20556;1.19735;1.18892;1.18029;1.17147;1.16247;1.15328;1.14394;1.13444;1.12479;1.11501;1.10511;1.0951;1.08498;1.07478;1.06449;1.05414;1.04373;1.03327;1.02278;1.01227;1.00175;0.991236;0.980731;0.970251;0.959808;0.949414;0.939079;0.928816;0.918637;0.908552;0.898573;0.888712;0.878979;0.869386;0.859943;0.850661;0.841551;0.832624;0.823888;0.815354;0.807033;0.798933;0.791064;0.783434;0.776053;0.768929;0.76207;0.755485;0.74918;0.743162;0.73744;0.732019;0.726906;0.722107;0.717626;0.713471;0.709644;0.706151;0.702995;0.700181;0.697712;0.69559;0.693817;0.692397;0.691331;0.690619;0.690263;
0.774302;0.774302;0.774642;0.775322;0.77634;0.777696;0.779387;0.781412;0.783768;0.786452;0.789461;0.79279;0.796436;0.800394;0.804659;0.809226;0.814088;0.819239;0.824674;0.830385;0.836365;0.842607;0.849102;0.855843;0.862821;0.870027;0.877452;0.885087;0.892922;0.900948;0.909154;0.91753;0.926067;0.934752;0.943576;0.952527;0.961594;0.970767;0.980033;0.989381;0.9988;1.00828;1.0178;1.02736;1.03695;1.04655;1.05614;1.06573;1.07529;1.08482;1.0943;1.10373;1.11308;1.12235;1.13154;1.14061;1.14958;1.15842;1.16712;1.17567;1.18407;1.19231;1.20036;1.20823;1.2159;1.22337;1.23062;1.23765;1.24445;1.25101;1.25732;1.26338;1.26917;1.27469;1.27993;1.2849;1.28957;1.29395;1.29802;1.3018;1.30526;1.30841;1.31123;1.31374;1.31592;1.31777;1.3193;1.32048;1.32134;1.32185;1.32203;1.32187;1.32138;1.32054;1.31936;1.31785;1.31601;1.31382;1.31131;1.30846;1.30529;1.30179;1.29798;1.29384;1.28939;1.28464;1.27957;1.27421;1.26856;1.26262;1.2564;1.2499;1.24314;1.23611;1.22884;1.22131;1.21355;1.20556;1.19735;1.18892;1.18029;1.17147;1.16247;1.15328;1.14394;1.13444;1.12479;1.11501;1.10511;1.0951;1.08498;1.07478;1.06449;1.05414;1.04373;1.03327;1.02278;1.01227;1.00175;0.991236;0.980731;0.970251;0.959808;0.949414;0.939079;0.928816;0.918637;0.908552;0.898573;0.888712;0.878979;0.869386;0.859943;0.850661;0.841551;0.832624;0.823888;0.815354;0.807033;0.798933;0.791064;0.783434;0.776053;0.768929;0.76207;0.755485;0.74918;0.743162;0.73744;0.732019;0.726906;0.722107;0.717626;0.713471;0.709644;0.706151;0.702995;0.700181;0.697712;0.69559;0.693817;0.692397;0.691331;0.690619;0.690263;
0.774302;0.774302;0.774642;0.775322;0.77634;0.777696;0.779387;0.781412;0.783768;0.786452;0.789461;0.79279;0.796436;0.800394;0.804659;0.809226;0.814088;0.819239;0.824674;0.830385;0.836365;0.842607;0.849102;0.855843;0.862821;0.870027;0.877452;0.885087;0.892922;0.900948;0.909154;0.91753;0.926067;0.934752;0.943576;0.952527;0.961594;0.970767;0.980033;0.989381;0.9988;1.00828;1.0178;1.02736;1.03695;1.04655;1.05614;1.06573;1.07529;1.08482;1.0943;1.10373;1.11308;1.12235;1.13154;1.14061;1.14958;1.15842;1.16712;1.17567;1.18407;1.19231;1.20036;1.20823;1.2159;1.22337;1.23062;1.23765;1.24445;1.25101;1.25732;1.26338;1.26917;1.27469;1.27993;1.2849;1.28957;1.29395;1.29802;1.3018;1.30526;1.30841;1.31123;1.31374;1.31592;1.31777;1.3193;1.32048;1.32134;1.32185;1.32203;1.32187;1.32138;1.32054;1.31936;1.31785;1.31601;1.31382;1.31131;1.30846;1.30529;1.30179;1.29798;1.29384;1.28939;1.28464;1.27957;1.27421;1.26856;1.26262;1.2564;1.2499;1.24314;1.23611;1.22884;1.22131;1.21355;1.20556;1.19735;1.18892;1.18029;1.17147;1.16247;1.15328;1.14394;1.13444;1.12479;1.11501;1.10511;1.0951;1.08498;1.07478;1.06449;1.05414;1.04373;1.03327;1.02278;1.01227;1.00175;0.991236;0.980731;0.970251;0.959808;0.949414;0.939079;0.928816;0.918637;0.908552;0.898573;0.888712;0.878979;0.869386;0.859943;0.850661;0.841551;0.832624;0.823888;0.815354;0.807033;0.798933;0.791064;0.783434;0.776053;0.768929;0.76207;0.755485;0.74918;0.743162;0.73744;0.732019;0.726906;0.722107;0.717626;0.713471;0.709644;0.706151;0.702995;0.700181;0.697712;0.69559;0.693817;0.692397;0.691331;0.690619;0.690263;
0.774302;0.774302;0.774642;0.775322;0.77634;0.777696;0.779387;0.781412;0.783768;0.786452;0.789461;0.79279;0.796436;0.800394;0.804659;0.809226;0.814088;0.819239;0.824674;0.830385;0.836365;0.842607;0.849102;0.855843;0.862821;0.870027;0.877452;0.885087;0.892922;0.900948;0.909154;0.91753;0.926067;0.934752;0.943576;0.952527;0.961594;0.970767;0.980033;0.989381;0.9988;1.00828;1.0178;1.02736;1.03695;1.04655;1.05614;1.06573;1.07529;1.08482;1.0943;1.10373;1.11308;1.12235;1.13154;1.14061;1.14958;1.15842;1.16712;1.17567;1.18407;1.19231;1.20036;1.20823;1.2159;1.22337;1.23062;1.23765;1.24445;1.25101;1.25732;1.26338;1.26917;1.27469;1.27993;1.2849;1.28957;1.29395;1.29802;1.3018;1.30526;1.30841;1.31123;1.31374;1.31592;1.31777;1.3193;1.32048;1.32134;1.32185;1.32203;1.32187;1.32138;1.32054;1.31936;1.31785;1.31601;1.31382;1.31131;1.30846;1.30529;1.30179;1.29798;1.29384;1.28939;1.28464;1.27957;1.27421;1.26856;1.26262;1.2564;1.2499;1.24314;1.23611;1.22884;1.22131;1.21355;1.20556;1.19735;1.18892;1.18029;1.17147;1.16247;1.15328;1.14394;1.13444;1.12479;1.11501;1.10511;1.0951;1.08498;1.07478;1.06449;1.05414;1.04373;1.03327;1.02278;1.01227;1.00175;0.991236;0.980731;0.970251;0.959808;0.949414;0.939079;0.928816;0.918637;0.908552;0.898573;0.888712;0.878979;0.869386;0.859943;0.850661;0.841551;0.832624;0.823888;0.815354;0.807033;0.798933;0.791064;0.783434;0.776053;0.768929;0.76207;0.755485;0.74918;0.743162;0.73744;0.732019;0.726906;0.722107;0.717626;0.713471;0.709644;0.706151;0.702995;0.700181;0.697712;0.69559;0.693817;0.692397;0.691331;0.690619;0.690263;
0.774302;0.774302;0.774642;0.775322;0.77634;0.777696;0.779387;0.781412;0.783768;0.786452;0.789461;0.79279;0.796436;0.800394;0.804659;0.809226;0.814088;0.819239;0.824674;0.830385;0.836365;0.842607;0.849102;0.855843;0.862821;0.870027;0.877452;0.885087;0.892922;0.900948;0.909154;0.91753;0.926067;0.934752;0.943576;0.952527;0.961594;0.970767;0.980033;0.989381;0.9988;1.00828;1.0178;1.02736;1.03695;1.04655;1.05614;1.06573;1.07529;1.08482;1.0943;1.10373;1.11308;1.12235;1.13154;1.14061;1.14958;1.15842;1.16712;1.17567;1.18407;1.19231;1.20036;1.20823;1.2159;1.22337;1.23062;1.23765;1.24445;1.25101;1.25732;1.26338;1.26917;1.27469;1.27993;1.2849;1.28957;1.29395;1.29802;1.3018;1.30526;1.30841;1.31123;1.31374;1.31592;1.31777;1.3193;1.32048;1.32134;1.32185;1.32203;1.32187;1.32138;1.32054;1.31936;1.31785;1.31601;1.31382;1.31131;1.30846;1.30529;1.30179;1.29798;1.29384;1.28939;1.28464;1.27957;1.27421;1.26856;1.26262;1.2564;1.2499;1.24314;1.23611;1.22884;1.22131;1.21355;1.20556;1.19735;1.18892;1.18029;1.17147;1.16247;1.15328;1.14394;1.13444;1.12479;1.11501;1.10511;1.0951;1.08498;1.07478;1.06449;1.05414;1.04373;1.03327;1.02278;1.01227;1.00175;0.991236;0.980731;0.970251;0.959808;0.949414;0.939079;0.928816;0.918637;0.908552;0.898573;0.888712;0.878979;0.869386;0.859943;0.850661;0.841551;0.832624;0.823888;0.815354;0.807033;0.798933;0.791064;0.783434;0.776053;0.768929;0.76207;0.755485;0.74918;0.743162;0.73744;0.732019;0.726906;0.722107;0.717626;0.713471;0.709644;0.706151;0.702995;0.700181;0.697712;0.69559;0.693817;0.692397;0.691331;0.690619;0.690263;
0.774302;0.774302;0.774642;0.775322;0.77634;0.777696;0.779387;0.781412;0.783768;0.786452;0.789461;0.79279;0.796436;0.800394;0.804659;0.809226;0.814088;0.819239;0.824674;0.830385;0.836365;0.842607;0.849102;0.855843;0.862821;0.870027;0.877452;0.885087;0.892922;0.900948;0.909154;0.91753;0.926067;0.934752;0.943576;0.952527;0.961594;0.970767;0.980033;0.989381;0.9988;1.00828;1.0178;1.02736;1.03695;1.04655;1.05614;1.06573;1.07529;1.08482;1.0943;1.10373;1.11308;1.12235;1.13154;1.14061;1.14958;1.15842;1.16712;1.17567;1.18407;1.19231;1.20036;1.20823;1.2159;1.22337;1.23062;1.23765;1.24445;1.25101;1.25732;1.26338;1.26917;1.27469;1.27993;1.2849;1.28957;1.29395;1.29802;1.3018;1.30526;1.30841;1.31123;1.31374;1.31592;1.31777;1.3193;1.32048;1.32134;1.32185;1.32203;1.32187;1.32138;1.32054;1.31936;1.31785;1.31601;1.31382;1.31131;1.30846;1.30529;1.30179;1.29798;1.29384;1.28939;1.28464;1.27957;1.27421;1.26856;1.26262;1.2564;1.2499;1.24314;1.23611;1.22884;1.22131;1.21355;1.20556;1.19735;1.18892;1.18029;1.17147;1.16247;1.15328;1.14394;1.13444;1.12479;1.11501;1.10511;1.0951;1.08498;1.07478;1.06449;1.05414;1.04373;1.03327;1.02278;1.01227;1.00175;0.991236;0.980731;0.970251;0.959808;0.949414;0.939079;0.928816;0.918637;0.908552;0.898573;0.888712;0.878979;0.869386;0.859943;0.850661;0.841551;0.832624;0.823888;0.815354;0.807033;0.798933;0.791064;0.783434;0.776053;0.768929;0.76207;0.755485;0.74918;0.743162;0.73744;0.732019;0.726906;0.722107;0.717626;0.713471;0.709644;0.706151;0.702995;0.700181;0.697712;0.69559;0.693817;0.692397;0.691331;0.690619;0.690263;
0.774302;0.774302;0.774642;0.775322;0.77634;0.777696;0.779387;0.781412;0.783768;0.786452;0.789461;0.79279;0.796436;0.800394;0.804659;0.809226;0.814088;0.819239;0.824674;0.830385;0.836365;0.842607;0.849102;0.855843;0.862821;0.870027;0.877452;0.885087;0.892922;0.900948;0.909154;0.91753;0.926067;0.934752;0.943576;0.952527;0.961594;0.970767;0.980033;0.989381;0.9988;1.00828;1.0178;1.02736;1.03695;1.04655;1.05614;1.06573;1.07529;1.08482;1.0943;1.10373;1.11308;1.12235;1.13154;1.14061;1.14958;1.15842;1.16712;1.17567;1.18407;1.19231;1.20036;1.20823;1.2159;1.22337;1.23062;1.23765;1.24445;1.25101;1.25732;1.26338;1.26917;1.27469;1.27993;1.2849;1.28957;1.29395;1.29802;1.3018;1.30526;1.30841;1.31123;1.31374;1.31592;1.31777;1.3193;1.32048;1.32134;1.32185;1.32203;1.32187;1.32138;1.32054;1.31936;1.31785;1.31601;1.31382;1.31131;1.30846;1.30529;1.30179;1.29798;1.29384;1.28939;1.28464;1.27957;1.27421;1.26856;1.26262;1.2564;1.2499;1.24314;1.23611;1.22884;1.22131;1.21355;1.20556;1.19735;1.18892;1.18029;1.17147;1.16247;1.15328;1.14394;1.13444;1.12479;1.11501;1.10511;1.0951;1.08498;1.07478;1.06449;1.05414;1.04373;1.03327;1.02278;1.01227;1.00175;0.991236;0.980731;0.970251;0.959808;0.949414;0.939079;0.928816;0.918637;0.908552;0.898573;0.888712;0.878979;0.869386;0.859943;0.850661;0.841551;0.832624;0.823888;0.815354;0.807033;0.798933;0.791064;0.783434;0.776053;0.768929;0.76207;0.755485;0.74918;0.743162;0.73744;0.732019;0.726906;0.722107;0.717626;0.713471;0.709644;0.706151;0.702995;0.700181;0.697712;0.69559;0.693817;0.692397;0.691331;0.690619;0.690263;
0.774302;0.774302;0.774642;0.775322;0.77634;0.777696;0.779387;0.781412;0.783768;0.786452;0.789461;0.79279;0.796436;0.800394;0.804659;0.809226;0.814088;0.819239;0.824674;0.830385;0.836365;0.842607;0.849102;0.855843;0.862821;0.870027;0.877452;0.885087;0.892922;0.900948;0.909154;0.91753;0.926067;0.934752;0.943576;0.952527;0.961594;0.970767;0.980033;0.989381;0.9988;1.00828;1.0178;1.02736;1.03695;1.04655;1.05614;1.06573;1.07529;1.08482;1.0943;1.10373;1.11308;1.12235;1.13154;1.14061;1.14958;1.15842;1.16712;1.17567;1.18407;1.19231;1.20036;1.20823;1.2159;1.22337;1.23062;1.23765;1.24445;1.25101;1.25732;1.26338;1.26917;1.27469;1.27993;1.2849;1.28957;1.29395;1.29802;1.3018;1.30526;1.30841;1.31123;1.31374;1.31592;1.31777;1.3193;1.32048;1.32134;1.32185;1.32203;1.32187;1.32138;1.32054;1.31936;1.31785;1.31601;1.31382;1.31131;1.30846;1.30529;1.30179;1.29798;1.29384;1.28939;1.28464;1.27957;1.27421;1.26856;1.26262;1.2564;1.2499;1.24314;1.23611;1.22884;1.22131;1.21355;1.20556;1.19735;1.18892;1.18029;1.17147;1.16247;1.15328;1.14394;1.13444;1.12479;1.11501;1.10511;1.0951;1.08498;1.07478;1.06449;1.05414;1.04373;1.03327;1.02278;1.01227;1.00175;0.991236;0.980731;0.970251;0.959808;0.949414;0.939079;0.928816;0.918637;0.908552;0.898573;0.888712;0.878979;0.869386;0.859943;0.850661;0.841551;0.832624;0.823888;0.815354;0.807033;0.798933;0.791064;0.783434;0.776053;0.768929;0.76207;0.755485;0.74918;0.743162;0.73744;0.732019;0.726906;0.722107;0.717626;0.713471;0.709644;0.706151;0.702995;0.700181;0.697712;0.69559;0.693817;0.692397;0.691331;0.690619;0.690263;
0.774302;0.774302;0.774642;0.775322;0.77634;0.777696;0.779387;0.781412;0.783768;0.786452;0.789461;0.79279;0.796436;0.800394;0.804659;0.809226;0.814088;0.819239;0.824674;0.830385;0.836365;0.842607;0.849102;0.855843;0.862821;0.870027;0.877452;0.885087;0.892922;0.900948;0.909154;0.91753;0.926067;0.934752;0.943576;0.952527;0.961594;0.970767;0.980033;0.989381;0.9988;1.00828;1.0178;1.02736;1.03695;1.04655;1.05614;1.06573;1.07529;1.08482;1.0943;1.10373;1.11308;1.12235;1.13154;1.14061;1.14958;1.15842;1.16712;1.17567;1.18407;1.19231;1.20036;1.20823;1.2159;1.22337;1.23062;1.23765;1.24445;1.25101;1.25732;1.26338;1.26917;1.27469;1.27993;1.2849;1.28957;1.29395;1.29802;1.3018;1.30526;1.30841;1.31123;1.31374;1.31592;1.31777;1.3193;1.32048;1.32134;1.32185;1.32203;1.32187;1.32138;1.32054;1.31936;1.31785;1.31601;1.31382;1.31131;1.30846;1.30529;1.30179;1.29798;1.29384;1.28939;1.28464;1.27957;1.27421;1.26856;1.26262;1.2564;1.2499;1.24314;1.23611;1.22884;1.22131;1.21355;1.20556;1.19735;1.18892;1.18029;1.17147;1.16247;1.15328;1.14394;1.13444;1.12479;1.11501;1.10511;1.0951;1.08498;1.07478;1.06449;1.05414;1.04373;1.03327;1.02278;1.01227;1.00175;0.991236;0.980731;0.970251;0.959808;0.949414;0.939079;0.928816;0.918637;0.908552;0.898573;0.888712;0.878979;0.869386;0.859943;0.850661;0.841551;0.832624;0.823888;0.815354;0.807033;0.798933;0.791064;0.783434;0.776053;0.768929;0.76207;0.755485;0.74918;0.743162;0.73744;0.732019;0.726906;0.722107;0.717626;0.713471;0.709644;0.706151;0.702995;0.700181;0.697712;0.69559;0.693817;0.692397;0.691331;0.690619;0.690263;
0.774302;0.774302;0.774642;0.775322;0.77634;0.777696;0.779387;0.781412;0.783768;0.786452;0.789461;0.79279;0.796436;0.800394;0.804659;0.809226;0.814088;0.819239;0.824674;0.830385;0.836365;0.842607;0.849102;0.855843;0.862821;0.870027;0.877452;0.885087;0.892922;0.900948;0.909154;0.91753;0.926067;0.934752;0.943576;0.952527;0.961594;0.970767;0.980033;0.989381;0.9988;1.00828;1.0178;1.02736;1.03695;1.04655;1.05614;1.06573;1.07529;1.08482;1.0943;1.10373;1.11308;1.12235;1.13154;1.14061;1.14958;1.15842;1.16712;1.17567;1.18407;1.19231;1.20036;1.20823;1.2159;1.22337;1.23062;1.23765;1.24445;1.25101;1.25732;1.26338;1.26917;1.27469;1.27993;1.2849;1.28957;1.29395;1.29802;1.3018;1.30526;1.30841;1.31123;1.31374;1.31592;1.31777;1.3193;1.32048;1.32134;1.32185;1.32203;1.32187;1.32138;1.32054;1.31936;1.31785;1.31601;1.31382;1.31131;1.30846;1.30529;1.30179;1.29798;1.29384;1.28939;1.28464;1.27957;1.27421;1.26856;1.26262;1.2564;1.2499;1.24314;1.23611;1.22884;1.22131;1.21355;1.20556;1.19735;1.18892;1.18029;1.17147;1.16247;1.15328;1.14394;1.13444;1.12479;1.11501;1.10511;1.0951;1.08498;1.07478;1.06449;1.05414;1.04373;1.03327;1.02278;1.01227;1.00175;0.991236;0.980731;0.970251;0.959808;0.949414;0.939079;0.928816;0.918637;0.908552;0.898573;0.888712;0.878979;0.869386;0.859943;0.850661;0.841551;0.832624;0.823888;0.815354;0.807033;0.798933;0.791064;0.783434;0.776053;0.768929;0.76207;0.755485;0.74918;0.743162;0.73744;0.732019;0.726906;0.722107;0.717626;0.713471;0.709644;0.706151;0.702995;0.700181;0.697712;0.69559;0.693817;0.692397;0.691331;0.690619;0.690263;
0.774302;0.774302;0.774642;0.775322;0.77634;0.777696;0.779387;0.781412;0.783768;0.786452;0.789461;0.79279;0.796436;0.800394;0.804659;0.809226;0.814088;0.819239;0.824674;0.830385;0.836365;0.842607;0.849102;0.855843;0.862821;0.870027;0.877452;0.885087;0.892922;0.900948;0.909154;0.91753;0.926067;0.934752;0.943576;0.952527;0.961594;0.970767;0.980033;0.989381;0.9988;1.00828;1.0178;1.02736;1.03695;1.04655;1.05614;1.06573;1.07529;1.08482;1.0943;1.10373;1.11308;1.12235;1.13154;1.14061;1.14958;1.15842;1.16712;1.17567;1.18407;1.19231;1.20036;1.20823;1.2159;1.22337;1.23062;1.23765;1.24445;1.25101;1.25732;1.26338;1.26917;1.27469;1.27993;1.2849;1.28957;1.29395;1.29802;1.3018;1.30526;1.30841;1.31123;1.31374;1.31592;1.31777;1.3193;1.32048;1.32134;1.32185;1.32203;1.32187;1.32138;1.32054;1.31936;1.31785;1.31601;1.31382;1.31131;1.30846;1.30529;1.30179;1.29798;1.29384;1.28939;1.28464;1.27957;1.27421;1.26856;1.26262;1.2564;1.2499;1.24314;1.23611;1.22884;1.22131;1.21355;1.20556;1.19735;1.18892;1.18029;1.17147;1.16247;1.15328;1.14394;1.13444;1.12479;1.11501;1.10511;1.0951;1.08498;1.07478;1.06449;1.05414;1.04373;1.03327;1.02278;1.01227;1.00175;0.991236;0.980731;0.970251;0.959808;0.949414;0.939079;0.928816;0.918637;0.908552;0.898573;0.888712;0.878979;0.869386;0.859943;0.850661;0.841551;0.832624;0.823888;0.815354;0.807033;0.798933;0.791064;0.783434;0.776053;0.768929;0.76207;0.755485;0.74918;0.743162;0.73744;0.732019;0.726906;0.722107;0.717626;0.713471;0.709644;0.706151;0.702995;0.700181;0.697712;0.69559;0.693817;0.692397;0.691331;0.690619;0.690263;
0.774302;0.774302;0.774642;0.775322;0.77634;0.777696;0.779387;0.781412;0.783768;0.786452;0.789461;0.79279;0.796436;0.800394;0.804659;0.809226;0.814088;0.819239;0.824674;0.830385;0.836365;0.842607;0.849102;0.855843;0.862821;0.870027;0.877452;0.885087;0.892922;0.900948;0.909154;0.91753;0.926067;0.934752;0.943576;0.952527;0.961594;0.970767;0.980033;0.989381;0.9988;1.00828;1.0178;1.02736;1.03695;1.04655;1.05614;1.06573;1.07529;1.08482;1.0943;1.10373;1.11308;1.12235;1.13154;1.14061;1.14958;1.15842;1.16712;1.17567;1.18407;1.19231;1.20036;1.20823;1.2159;1.22337;1.23062;1.23765;1.24445;1.25101;1.25732;1.26338;1.26917;1.27469;1.27993;1.2849;1.28957;1.29395;1.29802;1.3018;1.30526;1.30841;1.31123;1.31374;1.31592;1.31777;1.3193;1.32048;1.32134;1.32185;1.32203;1.32187;1.32138;1.32054;1.31936;1.31785;1.31601;1.31382;1.31131;1.30846;1.30529;1.30179;1.29798;1.29384;1.28939;1.28464;1.27957;1.27421;1.26856;1.26262;1.2564;1.2499;1.24314;1.23611;1.22884;1.22131;1.21355;1.20556;1.19735;1.18892;1.18029;1.17147;1.16247;1.15328;1.14394;1.13444;1.12479;1.11501;1.10511;1.0951;1.08498;1.07478;1.06449;1.05414;1.04373;1.03327;1.02278;1.01227;1.00175;0.991236;0.980731;0.970251;0.959808;0.949414;0.939079;0.928816;0.918637;0.908552;0.898573;0.888712;0.878979;0.869386;0.859943;0.850661;0.841551;0.832624;0.823888;0.815354;0.807033;0.798933;0.791064;0.783434;0.776053;0.768929;0.76207;0.755485;0.74918;0.743162;0.73744;0.732019;0.726906;0.722107;0.717626;0.713471;0.709644;0.706151;0.702995;0.700181;0.697712;0.69559;0.693817;0.692397;0.691331;0.690619;0.690263;
0.774302;0.774302;0.774642;0.775322;0.77634;0.777696;0.779387;0.781412;0.783768;0.786452;0.789461;0.79279;0.796436;0.800394;0.804659;0.809226;0.814088;0.819239;0.824674;0.830385;0.836365;0.842607;0.849102;0.855843;0.862821;0.870027;0.877452;0.885087;0.892922;0.900948;0.909154;0.91753;0.926067;0.934752;0.943576;0.952527;0.961594;0.970767;0.980033;0.989381;0.9988;1.00828;1.0178;1.02736;1.03695;1.04655;1.05614;1.06573;1.07529;1.08482;1.0943;1.10373;1.11308;1.12235;1.13154;1.14061;1.14958;1.15842;1.16712;1.17567;1.18407;1.19231;1.20036;1.20823;1.2159;1.22337;1.23062;1.23765;1.24445;1.25101;1.25732;1.26338;1.26917;1.27469;1.27993;1.2849;1.28957;1.29395;1.29802;1.3018;1.30526;1.30841;1.31123;1.31374;1.31592;1.31777;1.3193;1.32048;1.32134;1.32185;1.32203;1.32187;1.32138;1.32054;1.31936;1.31785;1.31601;1.31382;1.31131;1.30846;1.30529;1.30179;1.29798;1.29384;1.28939;1.28464;1.27957;1.27421;1.26856;1.26262;1.2564;1.2499;1.24314;1.23611;1.22884;1.22131;1.21355;1.20556;1.19735;1.18892;1.18029;1.17147;1.16247;1.15328;1.14394;1.13444;1.12479;1.11501;1.10511;1.0951;1.08498;1.07478;1.06449;1.05414;1.04373;1.03327;1.02278;1.01227;1.00175;0.991236;0.980731;0.970251;0.959808;0.949414;0.939079;0.928816;0.918637;0.908552;0.898573;0.888712;0.878979;0.869386;0.859943;0.850661;0.841551;0.832624;0.823888;0.815354;0.807033;0.798933;0.791064;0.783434;0.776053;0.768929;0.76207;0.755485;0.74918;0.743162;0.73744;0.732019;0.726906;0.722107;0.717626;0.713471;0.709644;0.706151;0.702995;0.700181;0.697712;0.69559;0.693817;0.692397;0.691331;0.690619;0.690263;
0.774302;0.774302;0.774642;0.775322;0.77634;0.777696;0.779387;0.781412;0.783768;0.786452;0.789461;0.79279;0.796436;0.800394;0.804659;0.809226;0.814088;0.819239;0.824674;0.830385;0.836365;0.842607;0.849102;0.855843;0.862821;0.870027;0.877452;0.885087;0.892922;0.900948;0.909154;0.91753;0.926067;0.934752;0.943576;0.952527;0.961594;0.970767;0.980033;0.989381;0.9988;1.00828;1.0178;1.02736;1.03695;1.04655;1.05614;1.06573;1.07529;1.08482;1.0943;1.10373;1.11308;1.12235;1.13154;1.14061;1.14958;1.15842;1.16712;1.17567;1.18407;1.19231;1.20036;1.20823;1.2159;1.22337;1.23062;1.23765;1.24445;1.25101;1.25732;1.26338;1.26917;1.27469;1.27993;1.2849;1.28957;1.29395;1.29802;1.3018;1.30526;1.30841;1.31123;1.31374;1.31592;1.31777;1.3193;1.32048;1.32134;1.32185;1.32203;1.32187;1.32138;1.32054;1.31936;1.31785;1.31601;1.31382;1.31131;1.30846;1.30529;1.30179;1.29798;1.29384;1.28939;1.28464;1.27957;1.27421;1.26856;1.26262;1.2564;1.2499;1.24314;1.23611;1.22884;1.22131;1.21355;1.20556;1.19735;1.18892;1.18029;1.17147;1.16247;1.15328;1.14394;1.13444;1.12479;1.11501;1.10511;1.0951;1.08498;1.07478;1.06449;1.05414;1.04373;1.03327;1.02278;1.01227;1.00175;0.991236;0.980731;0.970251;0.959808;0.949414;0.939079;0.928816;0.918637;0.908552;0.898573;0.888712;0.878979;0.869386;0.859943;0.850661;0.841551;0.832624;0.823888;0.815354;0.807033;0.798933;0.791064;0.783434;0.776053;0.768929;0.76207;0.755485;0.74918;0.743162;0.73744;0.732019;0.726906;0.722107;0.717626;0.713471;0.709644;0.706151;0.702995;0.700181;0.697712;0.69559;0.693817;0.692397;0.691331;0.690619;0.690263;
0.774302;0.774302;0.774642;0.775322;0.77634;0.777696;0.779387;0.781412;0.783768;0.786452;0.789461;0.79279;0.796436;0.800394;0.804659;0.809226;0.814088;0.819239;0.824674;0.830385;0.836365;0.842607;0.849102;0.855843;0.862821;0.870027;0.877452;0.885087;0.892922;0.900948;0.909154;0.91753;0.926067;0.934752;0.943576;0.952527;0.961594;0.970767;0.980033;0.989381;0.9988;1.00828;1.0178;1.02736;1.03695;1.04655;1.05614;1.06573;1.07529;1.08482;1.0943;1.10373;1.11308;1.12235;1.13154;1.14061;1.14958;1.15842;1.16712;1.17567;1.18407;1.19231;1.20036;1.20823;1.2159;1.22337;1.23062;1.23765;1.24445;1.25101;1.25732;1.26338;1.26917;1.27469;1.27993;1.2849;1.28957;1.29395;1.29802;1.3018;1.30526;1.30841;1.31123;1.31374;1.31592;1.31777;1.3193;1.32048;1.32134;1.32185;1.32203;1.32187;1.32138;1.32054;1.31936;1.31785;1.31601;1.31382;1.31131;1.30846;1.30529;1.30179;1.29798;1.29384;1.28939;1.28464;1.27957;1.27421;1.26856;1.26262;1.2564;1.2499;1.24314;1.23611;1.22884;1.22131;1.21355;1.20556;1.19735;1.18892;1.18029;1.17147;1.16247;1.15328;1.14394;1.13444;1.12479;1.11501;1.10511;1.0951;1.08498;1.07478;1.06449;1.05414;1.04373;1.03327;1.02278;1.01227;1.00175;0.991236;0.980731;0.970251;0.959808;0.949414;0.939079;0.928816;0.918637;0.908552;0.898573;0.888712;0.878979;0.869386;0.859943;0.850661;0.841551;0.832624;0.823888;0.815354;0.807033;0.798933;0.791064;0.783434;0.776053;0.768929;0.76207;0.755485;0.74918;0.743162;0.73744;0.732019;0.726906;0.722107;0.717626;0.713471;0.709644;0.706151;0.702995;0.700181;0.697712;0.69559;0.693817;0.692397;0.691331;0.690619;0.690263;
0.774302;0.774302;0.774642;0.775322;0.77634;0.777696;0.779387;0.781412;0.783768;0.786452;0.789461;0.79279;0.796436;0.800394;0.804659;0.809226;0.814088;0.819239;0.824674;0.830385;0.836365;0.842607;0.849102;0.855843;0.862821;0.870027;0.877452;0.885087;0.892922;0.900948;0.909154;0.91753;0.926067;0.934752;0.943576;0.952527;0.961594;0.970767;0.980033;0.989381;0.9988;1.00828;1.0178;1.02736;1.03695;1.04655;1.05614;1.06573;1.07529;1.08482;1.0943;1.10373;1.11308;1.12235;1.13154;1.14061;1.14958;1.15842;1.16712;1.17567;1.18407;1.19231;1.20036;1.20823;1.2159;1.22337;1.23062;1.23765;1.24445;1.25101;1.25732;1.26338;1.26917;1.27469;1.27993;1.2849;1.28957;1.29395;1.29802;1.3018;1.30526;1.30841;1.31123;1.31374;1.31592;1.31777;1.3193;1.32048;1.32134;1.32185;1.32203;1.32187;1.32138;1.32054;1.31936;1.31785;1.31601;1.31382;1.31131;1.30846;1.30529;1.30179;1.29798;1.29384;1.28939;1.28464;1.27957;1.27421;1.26856;1.26262;1.2564;1.2499;1.24314;1.23611;1.22884;1.22131;1.21355;1.20556;1.19735;1.18892;1.18029;1.17147;1.16247;1.15328;1.14394;1.13444;1.12479;1.11501;1.10511;1.0951;1.08498;1.07478;1.06449;1.05414;1.04373;1.03327;1.02278;1.01227;1.00175;0.991236;0.980731;0.970251;0.959808;0.949414;0.939079;0.928816;0.918637;0.908552;0.898573;0.888712;0.878979;0.869386;0.859943;0.850661;0.841551;0.832624;0.823888;0.815354;0.807033;0.798933;0.791064;0.783434;0.776053;0.768929;0.76207;0.755485;0.74918;0.743162;0.73744;0.732019;0.726906;0.722107;0.717626;0.713471;0.709644;0.706151;0.702995;0.700181;0.697712;0.69559;0.693817;0.692397;0.691331;0.690619;0.690263;
0.774302;0.774302;0.774642;0.775322;0.77634;0.777696;0.779387;0.781412;0.783768;0.786452;0.789461;0.79279;0.796436;0.800394;0.804659;0.809226;0.814088;0.819239;0.824674;0.830385;0.836365;0.842607;0.849102;0.855843;0.862821;0.870027;0.877452;0.885087;0.892922;0.900948;0.909154;0.91753;0.926067;0.934752;0.943576;0.952527;0.961594;0.970767;0.980033;0.989381;0.9988;1.00828;1.0178;1.02736;1.03695;1.04655;1.05614;1.06573;1.07529;1.08482;1.0943;1.10373;1.11308;1.12235;1.13154;1.14061;1.14958;1.15842;1.16712;1.17567;1.18407;1.19231;1.20036;1.20823;1.2159;1.22337;1.23062;1.23765;1.24445;1.25101;1.25732;1.26338;1.26917;1.27469;1.27993;1.2849;1.28957;1.29395;1.29802;1.3018;1.30526;1.30841;1.31123;1.31374;1.31592;1.31777;1.3193;1.32048;1.32134;1.32185;1.32203;1.32187;1.32138;1.32054;1.31936;1.31785;1.31601;1.31382;1.31131;1.30846;1.30529;1.30179;1.29798;1.29384;1.28939;1.28464;1.27957;1.27421;1.26856;1.26262;1.2564;1.2499;1.24314;1.23611;1.22884;1.22131;1.21355;1.20556;1.19735;1.18892;1.18029;1.17147;1.16247;1.15328;1.14394;1.13444;1.12479;1.11501;1.10511;1.0951;1.08498;1.07478;1.06449;1.05414;1.04373;1.03327;1.02278;1.01227;1.00175;0.991236;0.980731;0.970251;0.959808;0.949414;0.939079;0.928816;0.918637;0.908552;0.898573;0.888712;0.878979;0.869386;0.859943;0.850661;0.841551;0.832624;0.823888;0.815354;0.807033;0.798933;0.791064;0.783434;0.776053;0.768929;0.76207;0.755485;0.74918;0.743162;0.73744;0.732019;0.726906;0.722107;0.717626;0.713471;0.709644;0.706151;0.702995;0.700181;0.697712;0.69559;0.693817;0.692397;0.691331;0.690619;0.690263;
0.774302;0.774302;0.774642;0.775322;0.77634;0.777696;0.779387;0.781412;0.783768;0.786452;0.789461;0.79279;0.796436;0.800394;0.804659;0.809226;0.814088;0.819239;0.824674;0.830385;0.836365;0.842607;0.849102;0.855843;0.862821;0.870027;0.877452;0.885087;0.892922;0.900948;0.909154;0.91753;0.926067;0.934752;0.943576;0.952527;0.961594;0.970767;0.980033;0.989381;0.9988;1.00828;1.0178;1.02736;1.03695;1.04655;1.05614;1.06573;1.07529;1.08482;1.0943;1.10373;1.11308;1.12235;1.13154;1.14061;1.14958;1.15842;1.16712;1.17567;1.18407;1.19231;1.20036;1.20823;1.2159;1.22337;1.23062;1.23765;1.24445;1.25101;1.25732;1.26338;1.26917;1.27469;1.27993;1.2849;1.28957;1.29395;1.29802;1.3018;1.30526;1.30841;1.31123;1.31374;1.31592;1.31777;1.3193;1.32048;1.32134;1.32185;1.32203;1.32187;1.32138;1.32054;1.31936;1.31785;1.31601;1.31382;1.31131;1.30846;1.30529;1.30179;1.29798;1.29384;1.28939;1.28464;1.27957;1.27421;1.26856;1.26262;1.2564;1.2499;1.24314;1.23611;1.22884;1.22131;1.21355;1.20556;1.19735;1.18892;1.18029;1.17147;1.16247;1.15328;1.14394;1.13444;1.12479;1.11501;1.10511;1.0951;1.08498;1.07478;1.06449;1.05414;1.04373;1.03327;1.02278;1.01227;1.00175;0.991236;0.980731;0.970251;0.959808;0.949414;0.939079;0.928816;0.918637;0.908552;0.898573;0.888712;0.878979;0.869386;0.859943;0.850661;0.841551;0.832624;0.823888;0.815354;0.807033;0.798933;0.791064;0.783434;0.776053;0.768929;0.76207;0.755485;0.74918;0.743162;0.73744;0.732019;0.726906;0.722107;0.717626;0.713471;0.709644;0.706151;0.702995;0.700181;0.697712;0.69559;0.693817;0.692397;0.691331;0.690619;0.690263;
0.774302;0.774302;0.774642;0.775322;0.77634;0.777696;0.779387;0.781412;0.783768;0.786452;0.789461;0.79279;0.796436;0.800394;0.804659;0.809226;0.814088;0.819239;0.824674;0.830385;0.836365;0.842607;0.849102;0.855843;0.862821;0.870027;0.877452;0.885087;0.892922;0.900948;0.909154;0.91753;0.926067;0.934752;0.943576;0.952527;0.961594;0.970767;0.980033;0.989381;0.9988;1.00828;1.0178;1.02736;1.03695;1.04655;1.05614;1.06573;1.07529;1.08482;1.0943;1.10373;1.11308;1.12235;1.13154;1.14061;1.14958;1.15842;1.16712;1.17567;1.18407;1.19231;1.20036;1.20823;1.2159;1.22337;1.23062;1.23765;1.24445;1.25101;1.25732;1.26338;1.26917;1.27469;1.27993;1.2849;1.28957;1.29395;1.29802;1.3018;1.30526;1.30841;1.31123;1.31374;1.31592;1.31777;1.3193;1.32048;1.32134;1.32185;1.32203;1.32187;1.32138;1.32054;1.31936;1.31785;1.31601;1.31382;1.31131;1.30846;1.30529;1.30179;1.29798;1.29384;1.28939;1.28464;1.27957;1.27421;1.26856;1.26262;1.2564;1.2499;1.24314;1.23611;1.22884;1.22131;1.21355;1.20556;1.19735;1.18892;1.18029;1.17147;1.16247;1.15328;1.14394;1.13444;1.12479;1.11501;1.10511;1.0951;1.08498;1.07478;1.06449;1.05414;1.04373;1.03327;1.02278;1.01227;1.00175;0.991236;0.980731;0.970251;0.959808;0.949414;0.939079;0.928816;0.918637;0.908552;0.898573;0.888712;0.878979;0.869386;0.859943;0.850661;0.841551;0.832624;0.823888;0.815354;0.807033;0.798933;0.791064;0.783434;0.776053;0.768929;0.76207;0.755485;0.74918;0.743162;0.73744;0.732019;0.726906;0.722107;0.717626;0.713471;0.709644;0.706151;0.702995;0.700181;0.697712;0.69559;0.693817;0.692397;0.691331;0.690619;0.690263;
0.774302;0.774302;0.774642;0.775322;0.77634;0.777696;0.779387;0.781412;0.783768;0.786452;0.789461;0.79279;0.796436;0.800394;0.804659;0.809226;0.814088;0.819239;0.824674;0.830385;0.836365;0.842607;0.849102;0.855843;0.862821;0.870027;0.877452;0.885087;0.892922;0.900948;0.909154;0.91753;0.926067;0.934752;0.943576;0.952527;0.961594;0.970767;0.980033;0.989381;0.9988;1.00828;1.0178;1.02736;1.03695;1.04655;1.05614;1.06573;1.07529;1.08482;1.0943;1.10373;1.11308;1.12235;1.13154;1.14061;1.14958;1.15842;1.16712;1.17567;1.18407;1.19231;1.20036;1.20823;1.2159;1.22337;1.23062;1.23765;1.24445;1.25101;1.25732;1.26338;1.26917;1.27469;1.27993;1.2849;1.28957;1.29395;1.29802;1.3018;1.30526;1.30841;1.31123;1.31374;1.31592;1.31777;1.3193;1.32048;1.32134;1.32185;1.32203;1.32187;1.32138;1.32054;1.31936;1.31785;1.31601;1.31382;1.31131;1.30846;1.30529;1.30179;1.29798;1.29384;1.28939;1.28464;1.27957;1.27421;1.26856;1.26262;1.2564;1.2499;1.24314;1.23611;1.22884;1.22131;1.21355;1.20556;1.19735;1.18892;1.18029;1.17147;1.16247;1.15328;1.14394;1.13444;1.12479;1.11501;1.10511;1.0951;1.08498;1.07478;1.06449;1.05414;1.04373;1.03327;1.02278;1.01227;1.00175;0.991236;0.980731;0.970251;0.959808;0.949414;0.939079;0.928816;0.918637;0.908552;0.898573;0.888712;0.878979;0.869386;0.859943;0.850661;0.841551;0.832624;0.823888;0.815354;0.807033;0.798933;0.791064;0.783434;0.776053;0.768929;0.76207;0.755485;0.74918;0.743162;0.73744;0.732019;0.726906;0.722107;0.717626;0.713471;0.709644;0.706151;0.702995;0.700181;0.697712;0.69559;0.693817;0.692397;0.691331;0.690619;0.690263;
0.774302;0.774302;0.774642;0.775322;0.77634;0.777696;0.779387;0.781412;0.783768;0.786452;0.789461;0.79279;0.796436;0.800394;0.804659;0.809226;0.814088;0.819239;0.824674;0.830385;0.836365;0.842607;0.849102;0.855843;0.862821;0.870027;0.877452;0.885087;0.892922;0.900948;0.909154;0.91753;0.926067;0.934752;0.943576;0.952527;0.961594;0.970767;0.980033;0.989381;0.9988;1.00828;1.0178;1.02736;1.03695;1.04655;1.05614;1.06573;1.07529;1.08482;1.0943;1.10373;1.11308;1.12235;1.13154;1.14061;1.14958;1.15842;1.16712;1.17567;1.18407;1.19231;1.20036;1.20823;1.2159;1.22337;1.23062;1.23765;1.24445;1.25101;1.25732;1.26338;1.26917;1.27469;1.27993;1.2849;1.28957;1.29395;1.29802;1.3018;1.30526;1.30841;1.31123;1.31374;1.31592;1.31777;1.3193;1.32048;1.32134;1.32185;1.32203;1.32187;1.32138;1.32054;1.31936;1.31785;1.31601;1.31382;1.31131;1.30846;1.30529;1.30179;1.29798;1.29384;1.28939;1.28464;1.27957;1.27421;1.26856;1.26262;1.2564;1.2499;1.24314;1.23611;1.22884;1.22131;1.21355;1.20556;1.19735;1.18892;1.18029;1.17147;1.16247;1.15328;1.14394;1.13444;1.12479;1.11501;1.10511;1.0951;1.08498;1.07478;1.06449;1.05414;1.04373;1.03327;1.02278;1.01227;1.00175;0.991236;0.980731;0.970251;0.959808;0.949414;0.939079;0.928816;0.918637;0.908552;0.898573;0.888712;0.878979;0.869386;0.859943;0.850661;0.841551;0.832624;0.823888;0.815354;0.807033;0.798933;0.791064;0.783434;0.776053;0.768929;0.76207;0.755485;0.74918;0.743162;0.73744;0.732019;0.726906;0.722107;0.717626;0.713471;0.709644;0.706151;0.702995;0.700181;0.697712;0.69559;0.693817;0.692397;0.691331;0.690619;0.690263;
0.774302;0.774302;0.774642;0.775322;0.77634;0.777696;0.779387;0.781412;0.783768;0.786452;0.789461;0.79279;0.796436;0.800394;0.804659;0.809226;0.814088;0.819239;0.824674;0.830385;0.836365;0.842607;0.849102;0.855843;0.862821;0.870027;0.877452;0.885087;0.892922;0.900948;0.909154;0.91753;0.926067;0.934752;0.943576;0.952527;0.961594;0.970767;0.980033;0.989381;0.9988;1.00828;1.0178;1.02736;1.03695;1.04655;1.05614;1.06573;1.07529;1.08482;1.0943;1.10373;1.11308;1.12235;1.13154;1.14061;1.14958;1.15842;1.16712;1.17567;1.18407;1.19231;1.20036;1.20823;1.2159;1.22337;1.23062;1.23765;1.24445;1.25101;1.25732;1.26338;1.26917;1.27469;1.27993;1.2849;1.28957;1.29395;1.29802;1.3018;1.30526;1.30841;1.31123;1.31374;1.31592;1.31777;1.3193;1.32048;1.32134;1.32185;1.32203;1.32187;1.32138;1.32054;1.31936;1.31785;1.31601;1.31382;1.31131;1.30846;1.30529;1.30179;1.29798;1.29384;1.28939;1.28464;1.27957;1.27421;1.26856;1.26262;1.2564;1.2499;1.24314;1.23611;1.22884;1.22131;1.21355;1.20556;1.19735;1.18892;1.18029;1.17147;1.16247;1.15328;1.14394;1.13444;1.12479;1.11501;1.10511;1.0951;1.08498;1.07478;1.06449;1.05414;1.04373;1.03327;1.02278;1.01227;1.00175;0.991236;0.980731;0.970251;0.959808;0.949414;0.939079;0.928816;0.918637;0.908552;0.898573;0.888712;0.878979;0.869386;0.859943;0.850661;0.841551;0.832624;0.823888;0.815354;0.807033;0.798933;0.791064;0.783434;0.776053;0.768929;0.76207;0.755485;0.74918;0.743162;0.73744;0.732019;0.726906;0.722107;0.717626;0.713471;0.709644;0.706151;0.702995;0.700181;0.697712;0.69559;0.693817;0.692397;0.691331;0.690619;0.690263;
0.774302;0.774302;0.774642;0.775322;0.77634;0.777696;0.779387;0.781412;0.783768;0.786452;0.789461;0.79279;0.796436;0.800394;0.804659;0.809226;0.814088;0.819239;0.824674;0.830385;0.836365;0.842607;0.849102;0.855843;0.862821;0.870027;0.877452;0.885087;0.892922;0.900948;0.909154;0.91753;0.926067;0.934752;0.943576;0.952527;0.961594;0.970767;0.980033;0.989381;0.9988;1.00828;1.0178;1.02736;1.03695;1.04655;1.05614;1.06573;1.07529;1.08482;1.0943;1.10373;1.11308;1.12235;1.13154;1.14061;1.14958;1.15842;1.16712;1.17567;1.18407;1.19231;1.20036;1.20823;1.2159;1.22337;1.23062;1.23765;1.24445;1.25101;1.25732;1.26338;1.26917;1.27469;1.27993;1.2849;1.28957;1.29395;1.29802;1.3018;1.30526;1.30841;1.31123;1.31374;1.31592;1.31777;1.3193;1.32048;1.32134;1.32185;1.32203;1.32187;1.32138;1.32054;1.31936;1.31785;1.31601;1.31382;1.31131;1.30846;1.30529;1.30179;1.29798;1.29384;1.28939;1.28464;1.27957;1.27421;1.26856;1.26262;1.2564;1.2499;1.24314;1.23611;1.22884;1.22131;1.21355;1.20556;1.19735;1.18892;1.18029;1.17147;1.16247;1.15328;1.14394;1.13444;1.12479;1.11501;1.10511;1.0951;1.08498;1.07478;1.06449;1.05414;1.04373;1.03327;1.02278;1.01227;1.00175;0.991236;0.980731;0.970251;0.959808;0.949414;0.939079;0.928816;0.918637;0.908552;0.898573;0.888712;0.878979;0.869386;0.859943;0.850661;0.841551;0.832624;0.823888;0.815354;0.807033;0.798933;0.791064;0.783434;0.776053;0.768929;0.76207;0.755485;0.74918;0.743162;0.73744;0.732019;0.726906;0.722107;0.717626;0.713471;0.709644;0.706151;0.702995;0.700181;0.697712;0.69559;0.693817;0.692397;0.691331;0.690619;0.690263;

499.935(4616);75.6411;1.32203
